Country,Year,Attack Type,Target Industry,Financial Loss (in Million $),Number of Affected Users,Attack Source,Security Vulnerability Type,Defense Mechanism Used,Incident Resolution Time (in Hours)
China,2019,Phishing,Education,80.53,773169,Hacker Group,Unpatched Software,VPN,63
China,2019,Ransomware,Retail,62.19,295961,Hacker Group,Unpatched Software,Firewall,71
India,2017,Man-in-the-Middle,IT,38.65,605895,Hacker Group,Weak Passwords,VPN,20
UK,2024,Ransomware,Telecommunications,41.44,659320,Nation-state,Social Engineering,AI-based Detection,7
Germany,2018,Man-in-the-Middle,IT,74.41,810682,Insider,Social Engineering,VPN,68
Germany,2017,Man-in-the-Middle,Retail,98.24,285201,Unknown,Social Engineering,Antivirus,25
Germany,2016,DDoS,Telecommunications,33.26,431262,Insider,Unpatched Software,VPN,34
France,2018,SQL Injection,Government,59.23,909991,Unknown,Social Engineering,Antivirus,66
India,2016,Man-in-the-Middle,Banking,16.88,698249,Unknown,Social Engineering,VPN,47
UK,2023,DDoS,Healthcare,69.14,685927,Hacker Group,Unpatched Software,Firewall,58
China,2019,Phishing,Telecommunications,88.67,493675,Unknown,Zero-day,VPN,29
China,2016,SQL Injection,Healthcare,38.81,920768,Hacker Group,Unpatched Software,AI-based Detection,27
India,2019,Ransomware,Education,30.56,583204,Insider,Zero-day,Firewall,37
France,2023,DDoS,Healthcare,58.37,599797,Nation-state,Unpatched Software,AI-based Detection,35
France,2024,DDoS,IT,48.01,922258,Unknown,Social Engineering,Encryption,64
Australia,2022,Phishing,Banking,64.31,120789,Nation-state,Zero-day,Encryption,36
Russia,2017,Man-in-the-Middle,Healthcare,13.04,850158,Hacker Group,Unpatched Software,AI-based Detection,67
India,2015,DDoS,IT,93.14,805278,Insider,Social Engineering,Encryption,56
UK,2019,Malware,Telecommunications,14.01,578443,Insider,Social Engineering,Firewall,28
India,2016,DDoS,IT,36.45,261808,Nation-state,Social Engineering,AI-based Detection,6
Brazil,2015,Ransomware,Retail,49.55,920172,Hacker Group,Weak Passwords,Antivirus,43
France,2023,Ransomware,Education,17.72,261661,Insider,Social Engineering,VPN,11
India,2017,DDoS,Government,76.71,246205,Nation-state,Unpatched Software,Firewall,30
Japan,2022,Phishing,Telecommunications,20.42,186148,Nation-state,Weak Passwords,Antivirus,32
Brazil,2023,DDoS,Telecommunications,51.84,699007,Hacker Group,Social Engineering,VPN,30
China,2021,Phishing,Retail,51.06,628562,Insider,Zero-day,AI-based Detection,52
Japan,2022,Malware,Education,53.04,570494,Nation-state,Unpatched Software,VPN,53
Japan,2022,Ransomware,Banking,26.17,937653,Insider,Unpatched Software,Encryption,24
France,2020,Malware,IT,87.32,599757,Unknown,Social Engineering,Antivirus,9
Australia,2015,DDoS,Government,82.7,904805,Hacker Group,Zero-day,Encryption,61
UK,2022,SQL Injection,Education,66.24,678876,Hacker Group,Social Engineering,AI-based Detection,11
France,2020,Malware,Telecommunications,18.38,246900,Hacker Group,Zero-day,AI-based Detection,34
India,2015,SQL Injection,IT,42.99,85255,Unknown,Unpatched Software,Encryption,61
Japan,2022,Phishing,Banking,98.47,972469,Nation-state,Zero-day,Antivirus,21
Brazil,2023,Phishing,Healthcare,14.51,113777,Nation-state,Weak Passwords,VPN,27
Brazil,2020,Phishing,Banking,17.75,739540,Hacker Group,Zero-day,Encryption,31
China,2020,Man-in-the-Middle,Education,19.81,722788,Nation-state,Zero-day,Firewall,70
Japan,2021,SQL Injection,Retail,82.52,214372,Insider,Unpatched Software,Encryption,12
USA,2022,DDoS,Retail,32.53,235314,Insider,Weak Passwords,AI-based Detection,62
Brazil,2016,DDoS,Education,96.98,140812,Nation-state,Unpatched Software,VPN,71
Russia,2015,DDoS,Telecommunications,96.39,238356,Unknown,Zero-day,AI-based Detection,3
India,2021,SQL Injection,IT,98.09,826976,Nation-state,Zero-day,VPN,57
UK,2019,Man-in-the-Middle,Retail,39.77,757694,Nation-state,Unpatched Software,Encryption,69
USA,2017,DDoS,IT,74.12,403108,Hacker Group,Zero-day,VPN,64
Australia,2020,DDoS,Banking,92.95,942890,Insider,Weak Passwords,Antivirus,19
France,2022,Malware,Healthcare,20.33,794906,Unknown,Weak Passwords,AI-based Detection,36
Australia,2016,SQL Injection,Government,27.33,481293,Hacker Group,Unpatched Software,Antivirus,65
India,2016,DDoS,Education,21.01,602692,Hacker Group,Unpatched Software,VPN,29
UK,2018,Man-in-the-Middle,Retail,13.66,455529,Hacker Group,Zero-day,Firewall,40
Japan,2017,Phishing,Telecommunications,75.84,383395,Hacker Group,Zero-day,VPN,31
USA,2023,DDoS,Retail,59.69,113612,Hacker Group,Zero-day,VPN,70
Australia,2019,Malware,Government,21.72,984411,Insider,Unpatched Software,Antivirus,17
UK,2015,Phishing,IT,85.58,17229,Hacker Group,Weak Passwords,AI-based Detection,30
France,2018,Phishing,Healthcare,75.11,581303,Insider,Social Engineering,Encryption,51
India,2019,Man-in-the-Middle,Education,10.8,799474,Nation-state,Zero-day,AI-based Detection,23
India,2020,DDoS,Banking,86.27,898655,Nation-state,Unpatched Software,AI-based Detection,10
UK,2021,Malware,Healthcare,67.1,698852,Unknown,Weak Passwords,Antivirus,57
India,2018,DDoS,Healthcare,76.43,304162,Hacker Group,Unpatched Software,Firewall,56
Brazil,2015,Phishing,Banking,43.4,191625,Hacker Group,Social Engineering,VPN,65
Australia,2024,Phishing,Education,93.32,93185,Unknown,Unpatched Software,VPN,14
India,2019,Phishing,Healthcare,35.6,40718,Nation-state,Zero-day,VPN,24
China,2015,Phishing,Government,42.73,310574,Nation-state,Zero-day,Firewall,65
India,2024,DDoS,Education,73.37,475719,Nation-state,Social Engineering,Firewall,52
UK,2018,Malware,Retail,73.18,404060,Unknown,Weak Passwords,Antivirus,32
China,2024,Malware,Education,72.35,132726,Hacker Group,Zero-day,Firewall,55
UK,2016,DDoS,Banking,87.68,336376,Nation-state,Social Engineering,Firewall,11
Australia,2022,Malware,Healthcare,67.16,566437,Unknown,Weak Passwords,Encryption,63
Russia,2017,Man-in-the-Middle,Education,83.43,313631,Nation-state,Weak Passwords,Antivirus,16
France,2016,DDoS,Banking,28.66,996004,Unknown,Zero-day,VPN,28
China,2021,Phishing,Healthcare,55.04,871600,Insider,Unpatched Software,Firewall,29
Brazil,2015,DDoS,IT,43.51,940656,Unknown,Weak Passwords,AI-based Detection,41
USA,2015,Ransomware,Telecommunications,20.73,297209,Nation-state,Social Engineering,Firewall,66
UK,2019,Phishing,IT,78.19,28321,Insider,Unpatched Software,Antivirus,63
Brazil,2022,Phishing,Telecommunications,29.02,456783,Nation-state,Zero-day,Encryption,10
Germany,2018,Ransomware,Banking,87.56,933028,Nation-state,Unpatched Software,VPN,25
Australia,2023,Phishing,Telecommunications,24.65,221512,Nation-state,Zero-day,AI-based Detection,56
France,2017,Phishing,Banking,17.88,16585,Hacker Group,Unpatched Software,Encryption,12
USA,2022,Ransomware,Education,21.01,787752,Nation-state,Weak Passwords,Antivirus,9
Russia,2022,SQL Injection,Banking,60.25,662517,Unknown,Social Engineering,Firewall,40
Brazil,2018,Malware,Education,6.63,274509,Hacker Group,Zero-day,Encryption,20
France,2024,Phishing,Government,5.8,508649,Hacker Group,Unpatched Software,Firewall,66
Brazil,2021,DDoS,IT,70.26,740257,Unknown,Weak Passwords,Encryption,70
Australia,2024,Malware,Healthcare,62.08,969504,Hacker Group,Social Engineering,AI-based Detection,5
Germany,2016,Man-in-the-Middle,Healthcare,90.2,779494,Nation-state,Social Engineering,AI-based Detection,54
Japan,2019,Malware,Banking,44.17,605166,Insider,Weak Passwords,Encryption,27
France,2023,Malware,Government,55.18,274946,Insider,Zero-day,Encryption,66
Japan,2019,Man-in-the-Middle,Banking,41.32,645097,Nation-state,Zero-day,Firewall,36
UK,2015,DDoS,Telecommunications,32.92,157678,Nation-state,Unpatched Software,Antivirus,68
Brazil,2022,DDoS,Retail,15.16,157034,Nation-state,Social Engineering,AI-based Detection,69
India,2020,SQL Injection,Education,62.5,550656,Nation-state,Weak Passwords,Encryption,4
Australia,2017,SQL Injection,Healthcare,68.91,634048,Hacker Group,Unpatched Software,Firewall,66
UK,2023,DDoS,Banking,81.26,547495,Nation-state,Weak Passwords,AI-based Detection,3
UK,2024,DDoS,Healthcare,58.31,487694,Hacker Group,Weak Passwords,Antivirus,41
France,2023,Man-in-the-Middle,Retail,88.65,427067,Hacker Group,Unpatched Software,Antivirus,42
Australia,2023,Malware,Telecommunications,1.51,954902,Hacker Group,Unpatched Software,AI-based Detection,55
UK,2020,Ransomware,Banking,49.23,128594,Nation-state,Weak Passwords,Firewall,53
Germany,2024,Phishing,Healthcare,84.53,189430,Nation-state,Social Engineering,Firewall,1
France,2021,DDoS,Healthcare,90.63,603327,Nation-state,Unpatched Software,AI-based Detection,15
UK,2021,DDoS,Education,80.26,276593,Nation-state,Social Engineering,Encryption,36
Japan,2023,Malware,Education,22.87,975282,Insider,Unpatched Software,Firewall,49
India,2018,Ransomware,Retail,23.79,486810,Hacker Group,Unpatched Software,Antivirus,11
Japan,2021,Ransomware,IT,35.43,969517,Hacker Group,Weak Passwords,Firewall,25
Australia,2022,Malware,Banking,74.77,151599,Insider,Zero-day,Encryption,18
Japan,2022,SQL Injection,IT,66.66,749545,Unknown,Social Engineering,AI-based Detection,30
Brazil,2015,Malware,Retail,78.13,71743,Hacker Group,Unpatched Software,VPN,35
Germany,2018,Phishing,Banking,11.39,969684,Hacker Group,Weak Passwords,Antivirus,41
Germany,2020,SQL Injection,Education,87.84,842506,Unknown,Weak Passwords,Antivirus,19
Brazil,2023,Man-in-the-Middle,IT,10.18,933883,Nation-state,Social Engineering,Encryption,41
UK,2019,Malware,Education,4.42,393748,Nation-state,Unpatched Software,AI-based Detection,10
Brazil,2020,DDoS,Banking,76.98,708549,Unknown,Weak Passwords,Encryption,37
Japan,2020,DDoS,Healthcare,73.24,136762,Unknown,Zero-day,VPN,41
Russia,2018,Malware,Telecommunications,8.11,737958,Unknown,Social Engineering,VPN,35
Japan,2020,Man-in-the-Middle,Banking,23.55,108886,Insider,Unpatched Software,Antivirus,51
Australia,2016,Phishing,Banking,92.79,285311,Nation-state,Unpatched Software,VPN,55
USA,2021,Malware,Retail,71.11,961868,Hacker Group,Unpatched Software,Antivirus,57
Australia,2023,Man-in-the-Middle,Banking,57.34,471743,Unknown,Zero-day,Firewall,29
UK,2024,Phishing,Government,81.26,993903,Unknown,Weak Passwords,Firewall,25
China,2024,Ransomware,Telecommunications,7.32,179156,Nation-state,Social Engineering,AI-based Detection,34
Germany,2022,Man-in-the-Middle,Healthcare,56.27,699129,Nation-state,Unpatched Software,Encryption,25
Russia,2021,Malware,IT,83.76,920983,Insider,Social Engineering,Encryption,24
UK,2023,SQL Injection,Banking,85.64,875790,Nation-state,Unpatched Software,Firewall,36
Russia,2016,Malware,Retail,61.39,415274,Hacker Group,Weak Passwords,Encryption,40
Russia,2023,Ransomware,Banking,42.14,222293,Hacker Group,Social Engineering,VPN,38
France,2021,Man-in-the-Middle,Retail,94.4,357092,Unknown,Unpatched Software,VPN,71
Australia,2021,Malware,Telecommunications,84.68,708291,Hacker Group,Zero-day,AI-based Detection,54
Russia,2024,Malware,Banking,93.33,517610,Nation-state,Social Engineering,Firewall,35
Germany,2023,Malware,Government,70.46,368803,Hacker Group,Unpatched Software,VPN,23
China,2023,Man-in-the-Middle,Healthcare,48.71,421191,Nation-state,Unpatched Software,Firewall,62
India,2018,Phishing,IT,69.03,282139,Hacker Group,Unpatched Software,Encryption,37
China,2018,Malware,IT,49.19,117543,Insider,Social Engineering,Encryption,22
France,2016,Phishing,Government,27.2,536925,Unknown,Zero-day,Encryption,62
France,2023,Ransomware,Retail,64.08,238068,Unknown,Unpatched Software,VPN,61
Japan,2022,Malware,Telecommunications,38.46,39814,Insider,Social Engineering,VPN,32
India,2018,DDoS,Government,80.89,268956,Nation-state,Zero-day,Antivirus,47
France,2015,Malware,Education,15.76,424,Nation-state,Unpatched Software,Antivirus,58
USA,2021,SQL Injection,Telecommunications,82.24,982969,Unknown,Unpatched Software,Encryption,64
Germany,2021,Malware,Government,82.72,219703,Nation-state,Social Engineering,Firewall,33
Japan,2016,Man-in-the-Middle,Retail,18.96,530947,Nation-state,Unpatched Software,VPN,12
UK,2017,SQL Injection,IT,53.39,576110,Insider,Unpatched Software,Antivirus,37
UK,2017,Man-in-the-Middle,Government,48.9,177154,Unknown,Zero-day,Antivirus,68
France,2017,SQL Injection,Healthcare,60.77,212177,Hacker Group,Social Engineering,Encryption,2
Germany,2021,DDoS,Banking,91.24,8787,Hacker Group,Unpatched Software,Encryption,55
USA,2015,Phishing,Education,41.36,291727,Insider,Social Engineering,Encryption,31
Germany,2022,DDoS,IT,78.18,987652,Hacker Group,Social Engineering,VPN,72
China,2022,Ransomware,Telecommunications,16.16,236284,Unknown,Social Engineering,Antivirus,38
USA,2020,Man-in-the-Middle,Telecommunications,15.63,209853,Nation-state,Zero-day,VPN,1
Australia,2020,DDoS,Retail,36.29,755621,Unknown,Zero-day,Antivirus,50
France,2015,SQL Injection,Retail,61.41,694844,Insider,Unpatched Software,Antivirus,43
France,2018,SQL Injection,Retail,53.72,795831,Nation-state,Unpatched Software,Encryption,61
Brazil,2020,DDoS,Retail,17.4,342253,Unknown,Weak Passwords,Encryption,22
USA,2016,Phishing,Retail,75.94,638693,Nation-state,Weak Passwords,AI-based Detection,35
USA,2018,Phishing,Banking,55.9,618616,Insider,Zero-day,VPN,51
Brazil,2023,SQL Injection,Retail,56.76,774426,Hacker Group,Social Engineering,AI-based Detection,21
Australia,2023,DDoS,Government,76.25,900661,Insider,Unpatched Software,Encryption,64
India,2019,Phishing,Telecommunications,75.23,141627,Insider,Unpatched Software,AI-based Detection,64
Germany,2024,Phishing,IT,3.93,845785,Unknown,Unpatched Software,VPN,69
Australia,2015,Malware,Retail,99.41,120048,Insider,Zero-day,Antivirus,12
USA,2016,Malware,Retail,32.89,894935,Unknown,Social Engineering,AI-based Detection,31
Japan,2017,SQL Injection,Healthcare,21.66,277555,Unknown,Social Engineering,AI-based Detection,45
Australia,2024,Ransomware,Education,85.86,461012,Insider,Unpatched Software,AI-based Detection,38
Russia,2021,SQL Injection,Telecommunications,80.23,599291,Nation-state,Social Engineering,Firewall,55
Australia,2016,Man-in-the-Middle,Government,31.92,163602,Hacker Group,Unpatched Software,VPN,26
UK,2021,SQL Injection,Government,39.03,986196,Nation-state,Weak Passwords,Encryption,11
France,2024,Ransomware,Retail,99.03,349008,Nation-state,Zero-day,Encryption,20
Germany,2022,SQL Injection,Retail,25.1,559667,Unknown,Zero-day,Antivirus,69
Russia,2018,DDoS,Healthcare,67.27,335628,Hacker Group,Weak Passwords,Antivirus,20
Germany,2016,Ransomware,Education,29.89,385363,Unknown,Unpatched Software,Firewall,22
USA,2021,Man-in-the-Middle,Education,15.92,945793,Insider,Zero-day,Firewall,32
Russia,2016,SQL Injection,Telecommunications,95.93,595950,Nation-state,Social Engineering,AI-based Detection,11
Japan,2022,DDoS,Education,12.61,756722,Nation-state,Weak Passwords,VPN,15
Australia,2024,Ransomware,Government,39.92,594424,Hacker Group,Social Engineering,Antivirus,54
China,2015,Malware,Retail,19.36,457790,Hacker Group,Zero-day,Encryption,39
China,2024,Ransomware,Telecommunications,70.47,549337,Unknown,Social Engineering,Antivirus,63
France,2023,Malware,Healthcare,53.34,714681,Unknown,Unpatched Software,Firewall,34
India,2022,Malware,Government,84.15,849745,Hacker Group,Social Engineering,Antivirus,51
Brazil,2019,SQL Injection,Banking,27.64,826256,Nation-state,Zero-day,VPN,50
UK,2017,DDoS,IT,9.01,617543,Unknown,Zero-day,Antivirus,43
USA,2017,SQL Injection,Banking,9.08,895507,Unknown,Social Engineering,AI-based Detection,52
UK,2020,SQL Injection,Healthcare,67.9,2233,Unknown,Social Engineering,Antivirus,45
Japan,2022,Phishing,Government,71.12,76776,Unknown,Unpatched Software,Firewall,42
China,2019,Ransomware,Retail,6.08,175261,Nation-state,Zero-day,VPN,64
Australia,2016,Man-in-the-Middle,Healthcare,90.85,746369,Insider,Unpatched Software,Antivirus,30
Australia,2017,Malware,Healthcare,77.32,563706,Nation-state,Unpatched Software,AI-based Detection,35
India,2022,DDoS,Healthcare,12.01,254980,Insider,Unpatched Software,AI-based Detection,58
Russia,2021,Malware,Education,0.54,869574,Unknown,Unpatched Software,Antivirus,16
Russia,2015,Malware,IT,95.33,282598,Unknown,Zero-day,VPN,21
Brazil,2023,Malware,Telecommunications,62.77,422623,Nation-state,Zero-day,AI-based Detection,55
Brazil,2021,Malware,Healthcare,83.06,937717,Unknown,Unpatched Software,Encryption,56
India,2021,Man-in-the-Middle,Telecommunications,71.64,416077,Insider,Social Engineering,VPN,39
Australia,2019,Man-in-the-Middle,Banking,47.67,112313,Insider,Social Engineering,Firewall,63
Australia,2017,Man-in-the-Middle,Telecommunications,79.72,799971,Insider,Zero-day,Firewall,63
Japan,2018,Man-in-the-Middle,Retail,47.11,690595,Hacker Group,Social Engineering,Antivirus,71
India,2017,Man-in-the-Middle,Government,69.69,713419,Hacker Group,Unpatched Software,AI-based Detection,70
Australia,2022,Man-in-the-Middle,Healthcare,81.31,707365,Hacker Group,Zero-day,Antivirus,38
Brazil,2016,Malware,Healthcare,83.88,155059,Unknown,Unpatched Software,Antivirus,29
Russia,2022,Phishing,Banking,85.01,923558,Insider,Weak Passwords,Encryption,41
Germany,2022,DDoS,Telecommunications,20.55,239313,Nation-state,Social Engineering,AI-based Detection,6
Russia,2023,Ransomware,Telecommunications,60.08,874485,Hacker Group,Weak Passwords,Antivirus,48
Russia,2016,SQL Injection,Healthcare,46.95,90895,Unknown,Social Engineering,VPN,29
China,2015,Man-in-the-Middle,Retail,47.2,529593,Hacker Group,Zero-day,VPN,64
Germany,2018,Phishing,Government,46.92,610201,Nation-state,Weak Passwords,VPN,72
USA,2021,DDoS,Telecommunications,1.98,863623,Hacker Group,Weak Passwords,Firewall,24
USA,2018,Malware,Healthcare,14.28,755771,Insider,Weak Passwords,Antivirus,44
Japan,2021,SQL Injection,Telecommunications,66.23,164032,Unknown,Social Engineering,Firewall,5
Russia,2019,Man-in-the-Middle,Telecommunications,95.66,259993,Nation-state,Weak Passwords,Antivirus,58
UK,2019,Phishing,Retail,90.13,232359,Unknown,Social Engineering,Firewall,17
Germany,2018,Phishing,Telecommunications,84.9,800031,Unknown,Unpatched Software,Encryption,10
UK,2016,Phishing,Healthcare,71.19,925040,Unknown,Unpatched Software,Encryption,48
Brazil,2016,Malware,IT,99.29,273469,Insider,Social Engineering,AI-based Detection,67
Germany,2024,Malware,Banking,22.84,797768,Insider,Zero-day,Firewall,58
Japan,2022,DDoS,Education,82.19,905203,Hacker Group,Weak Passwords,Antivirus,37
India,2023,Phishing,Telecommunications,11.72,512291,Insider,Zero-day,AI-based Detection,51
UK,2017,Phishing,Telecommunications,27.08,416833,Insider,Social Engineering,VPN,9
UK,2015,Ransomware,Government,30.74,744505,Nation-state,Unpatched Software,Antivirus,43
Brazil,2020,Malware,Banking,79.61,755029,Nation-state,Weak Passwords,Firewall,27
Brazil,2017,Malware,Banking,99.22,660182,Insider,Weak Passwords,AI-based Detection,21
India,2016,Ransomware,Retail,29.48,403737,Insider,Zero-day,Firewall,26
China,2019,DDoS,Retail,7.87,86783,Nation-state,Weak Passwords,Antivirus,12
Australia,2022,DDoS,Telecommunications,86.77,390083,Nation-state,Social Engineering,VPN,72
Brazil,2023,Man-in-the-Middle,Banking,20.15,376174,Unknown,Social Engineering,Firewall,43
UK,2022,Ransomware,Government,31.94,485080,Insider,Weak Passwords,Antivirus,61
France,2024,Ransomware,Banking,78.82,759804,Unknown,Unpatched Software,AI-based Detection,47
Japan,2017,Phishing,IT,65.62,286208,Hacker Group,Zero-day,Firewall,57
USA,2017,Malware,IT,75.53,992377,Nation-state,Unpatched Software,Antivirus,33
USA,2021,Man-in-the-Middle,Education,36.06,48987,Unknown,Zero-day,VPN,58
Russia,2021,SQL Injection,Telecommunications,68.07,538602,Insider,Unpatched Software,VPN,19
Japan,2015,Malware,Healthcare,26.29,808392,Hacker Group,Weak Passwords,AI-based Detection,4
UK,2015,Ransomware,IT,26.12,21580,Unknown,Weak Passwords,AI-based Detection,14
France,2020,Phishing,Government,94.44,209658,Insider,Zero-day,VPN,11
Japan,2017,Man-in-the-Middle,Retail,74.12,559889,Nation-state,Zero-day,VPN,10
France,2015,SQL Injection,Government,12.92,344516,Insider,Zero-day,VPN,28
Australia,2024,Phishing,Retail,73.43,897569,Hacker Group,Social Engineering,AI-based Detection,66
Australia,2023,SQL Injection,Healthcare,99.19,538688,Nation-state,Zero-day,Encryption,36
China,2015,DDoS,Government,22.71,303975,Nation-state,Social Engineering,Firewall,2
Japan,2022,SQL Injection,Telecommunications,67.62,822256,Insider,Unpatched Software,Firewall,60
Russia,2019,Man-in-the-Middle,Healthcare,53.82,521877,Unknown,Zero-day,Encryption,66
Brazil,2016,SQL Injection,Education,55.83,758258,Unknown,Zero-day,Encryption,44
Brazil,2016,DDoS,IT,17.12,988369,Hacker Group,Weak Passwords,AI-based Detection,26
France,2022,Malware,Healthcare,67.89,325521,Hacker Group,Social Engineering,VPN,69
Germany,2021,Ransomware,IT,5.54,254933,Nation-state,Social Engineering,AI-based Detection,41
UK,2023,DDoS,Government,55.28,339144,Hacker Group,Unpatched Software,VPN,26
India,2022,Ransomware,Education,57.52,170002,Unknown,Unpatched Software,AI-based Detection,54
Japan,2019,DDoS,Government,74.65,491269,Nation-state,Zero-day,Firewall,67
China,2019,Phishing,Banking,49.14,341100,Insider,Social Engineering,Firewall,37
India,2018,DDoS,Government,36.04,446170,Insider,Unpatched Software,VPN,72
India,2015,Malware,Telecommunications,14.09,28398,Insider,Zero-day,Encryption,22
France,2017,Ransomware,Telecommunications,66.36,180698,Hacker Group,Zero-day,Encryption,53
Germany,2017,Malware,Healthcare,8.53,676384,Unknown,Social Engineering,VPN,44
Brazil,2015,Ransomware,Healthcare,61.91,961557,Insider,Unpatched Software,Firewall,64
Japan,2020,Phishing,Education,54.47,345334,Hacker Group,Weak Passwords,Antivirus,25
Russia,2024,Phishing,Education,87.88,263407,Nation-state,Zero-day,Antivirus,8
Russia,2017,Phishing,IT,89.22,791350,Nation-state,Social Engineering,Antivirus,32
China,2022,Ransomware,Telecommunications,64.92,591819,Unknown,Zero-day,Antivirus,49
UK,2016,SQL Injection,IT,6.59,186612,Unknown,Unpatched Software,Antivirus,30
Japan,2018,Ransomware,Retail,48.0,187730,Nation-state,Weak Passwords,AI-based Detection,26
France,2015,SQL Injection,IT,87.78,6456,Hacker Group,Social Engineering,Firewall,69
Japan,2020,Malware,Banking,15.73,762662,Hacker Group,Zero-day,Firewall,56
UK,2015,Phishing,IT,30.26,256396,Hacker Group,Zero-day,Encryption,29
Brazil,2021,SQL Injection,Healthcare,54.59,437634,Unknown,Weak Passwords,AI-based Detection,29
Russia,2015,Malware,Healthcare,63.09,80855,Nation-state,Zero-day,AI-based Detection,53
India,2016,Phishing,Retail,59.36,967614,Nation-state,Unpatched Software,AI-based Detection,71
Japan,2020,Ransomware,IT,79.52,934400,Unknown,Social Engineering,VPN,4
Germany,2023,Man-in-the-Middle,Telecommunications,87.83,547719,Unknown,Weak Passwords,AI-based Detection,22
China,2016,Malware,Healthcare,96.63,808984,Unknown,Weak Passwords,Firewall,26
Japan,2023,Ransomware,Banking,52.86,261038,Nation-state,Social Engineering,Encryption,48
China,2024,Phishing,Education,4.01,841054,Insider,Zero-day,Antivirus,49
China,2019,Ransomware,IT,68.02,175038,Hacker Group,Weak Passwords,VPN,67
Russia,2022,Phishing,Retail,67.17,774613,Hacker Group,Weak Passwords,Encryption,53
Japan,2021,Phishing,Healthcare,37.45,558357,Hacker Group,Weak Passwords,VPN,49
India,2017,Phishing,Retail,36.78,620056,Nation-state,Weak Passwords,Firewall,14
Russia,2018,Malware,Healthcare,40.66,90640,Unknown,Social Engineering,Encryption,56
Russia,2022,Ransomware,Retail,76.93,449596,Unknown,Unpatched Software,AI-based Detection,3
Australia,2020,Ransomware,Healthcare,58.91,207842,Nation-state,Social Engineering,Antivirus,40
Germany,2017,Phishing,Retail,93.6,908249,Nation-state,Zero-day,AI-based Detection,53
Japan,2017,Phishing,Healthcare,47.39,470895,Nation-state,Social Engineering,Encryption,63
France,2017,Malware,Education,3.21,342049,Nation-state,Unpatched Software,AI-based Detection,31
Brazil,2018,Phishing,Banking,98.75,316891,Hacker Group,Social Engineering,Antivirus,55
India,2019,Man-in-the-Middle,Education,27.45,633466,Unknown,Zero-day,AI-based Detection,16
USA,2023,Malware,Telecommunications,23.98,123866,Nation-state,Zero-day,Firewall,43
France,2017,DDoS,Telecommunications,79.93,305905,Unknown,Unpatched Software,Encryption,44
Russia,2023,SQL Injection,Telecommunications,3.66,702942,Nation-state,Unpatched Software,AI-based Detection,34
Brazil,2016,Man-in-the-Middle,Retail,72.78,11339,Hacker Group,Social Engineering,AI-based Detection,34
UK,2017,SQL Injection,Banking,73.88,8385,Nation-state,Social Engineering,AI-based Detection,69
Russia,2024,Ransomware,Banking,52.8,21810,Insider,Zero-day,VPN,48
India,2018,Man-in-the-Middle,Healthcare,94.6,7347,Insider,Zero-day,AI-based Detection,7
Germany,2021,SQL Injection,Education,1.62,61463,Hacker Group,Weak Passwords,Antivirus,58
Russia,2020,DDoS,Healthcare,0.82,683572,Insider,Zero-day,Antivirus,69
Germany,2015,Malware,Healthcare,90.91,654633,Nation-state,Weak Passwords,Antivirus,43
Japan,2021,DDoS,Banking,32.84,311274,Hacker Group,Zero-day,Encryption,67
Russia,2017,Malware,Education,63.33,185208,Unknown,Zero-day,Firewall,3
Russia,2022,Man-in-the-Middle,Healthcare,27.82,182378,Insider,Social Engineering,AI-based Detection,10
China,2016,Phishing,IT,7.73,800480,Unknown,Zero-day,VPN,31
India,2019,DDoS,Banking,46.98,147761,Unknown,Unpatched Software,AI-based Detection,68
Russia,2024,Ransomware,Banking,80.11,923911,Insider,Unpatched Software,Firewall,60
Germany,2024,Ransomware,Education,11.81,418893,Insider,Social Engineering,Firewall,31
Germany,2016,Ransomware,Education,15.09,914593,Unknown,Weak Passwords,AI-based Detection,1
Japan,2015,SQL Injection,Banking,20.69,344789,Unknown,Zero-day,AI-based Detection,69
India,2019,DDoS,Telecommunications,36.86,116906,Insider,Social Engineering,VPN,7
Australia,2019,Phishing,Education,10.87,812343,Insider,Social Engineering,Antivirus,16
China,2017,Malware,IT,18.17,346390,Hacker Group,Weak Passwords,Firewall,36
Brazil,2018,Phishing,IT,13.89,30925,Insider,Zero-day,Encryption,43
UK,2017,DDoS,Government,15.63,663812,Nation-state,Zero-day,Antivirus,57
Brazil,2020,Man-in-the-Middle,Government,32.72,220978,Nation-state,Zero-day,VPN,47
UK,2021,DDoS,Banking,97.03,100486,Nation-state,Unpatched Software,Firewall,31
Russia,2023,SQL Injection,Education,75.63,195733,Nation-state,Weak Passwords,Antivirus,70
Japan,2023,Man-in-the-Middle,Healthcare,64.21,707978,Nation-state,Weak Passwords,VPN,41
Brazil,2018,Phishing,Healthcare,99.14,456432,Insider,Weak Passwords,Antivirus,66
Brazil,2016,Man-in-the-Middle,IT,75.51,37230,Unknown,Social Engineering,AI-based Detection,52
UK,2015,DDoS,Government,11.68,890414,Nation-state,Unpatched Software,AI-based Detection,28
France,2021,Malware,IT,33.84,440358,Nation-state,Social Engineering,Antivirus,5
India,2022,Malware,Healthcare,38.89,400752,Insider,Unpatched Software,Antivirus,36
France,2018,Phishing,Banking,89.77,134364,Nation-state,Zero-day,Antivirus,63
Germany,2017,DDoS,Telecommunications,15.01,406483,Insider,Weak Passwords,Antivirus,62
Brazil,2018,SQL Injection,IT,98.38,661583,Insider,Social Engineering,Encryption,30
Russia,2015,SQL Injection,Education,23.49,642834,Unknown,Weak Passwords,Antivirus,34
Brazil,2017,Ransomware,IT,9.43,493087,Hacker Group,Unpatched Software,Encryption,44
Brazil,2021,Man-in-the-Middle,IT,97.37,966570,Nation-state,Weak Passwords,Antivirus,32
Russia,2022,Phishing,Telecommunications,73.26,687383,Nation-state,Weak Passwords,VPN,8
Germany,2020,Phishing,Retail,78.84,733304,Unknown,Weak Passwords,VPN,19
India,2023,Ransomware,Telecommunications,3.51,661681,Hacker Group,Weak Passwords,AI-based Detection,14
France,2020,SQL Injection,IT,25.32,644538,Unknown,Social Engineering,Antivirus,57
Germany,2015,Phishing,Banking,58.78,861637,Unknown,Social Engineering,VPN,15
Brazil,2016,SQL Injection,Telecommunications,73.76,393189,Unknown,Zero-day,Antivirus,37
France,2022,SQL Injection,Healthcare,27.06,999545,Hacker Group,Social Engineering,Encryption,47
UK,2021,SQL Injection,IT,77.82,935572,Hacker Group,Social Engineering,Encryption,61
France,2016,Ransomware,IT,55.99,724608,Hacker Group,Social Engineering,Antivirus,21
Brazil,2024,DDoS,Banking,55.73,750979,Unknown,Social Engineering,AI-based Detection,30
India,2017,Malware,Telecommunications,7.44,552358,Nation-state,Weak Passwords,AI-based Detection,42
Australia,2019,Phishing,Banking,37.07,902654,Insider,Social Engineering,Antivirus,9
UK,2022,Ransomware,Healthcare,75.67,413293,Hacker Group,Zero-day,Antivirus,27
India,2024,Malware,Retail,56.19,114357,Insider,Zero-day,AI-based Detection,58
USA,2018,Malware,Government,70.53,363432,Hacker Group,Zero-day,AI-based Detection,40
Japan,2016,SQL Injection,Telecommunications,63.77,304618,Unknown,Unpatched Software,Antivirus,54
India,2022,SQL Injection,IT,32.73,153154,Hacker Group,Zero-day,VPN,37
China,2022,Malware,Banking,21.87,741153,Insider,Social Engineering,Encryption,66
Japan,2024,Man-in-the-Middle,Healthcare,72.08,261230,Insider,Social Engineering,VPN,19
UK,2023,SQL Injection,Telecommunications,53.82,688014,Unknown,Zero-day,Encryption,18
Australia,2018,DDoS,Education,3.3,45027,Unknown,Social Engineering,Antivirus,68
Australia,2021,Malware,Banking,13.99,689681,Nation-state,Weak Passwords,AI-based Detection,62
Germany,2024,Malware,Government,93.49,702688,Hacker Group,Unpatched Software,Antivirus,39
China,2016,Man-in-the-Middle,Banking,97.28,86038,Insider,Weak Passwords,Encryption,19
Japan,2015,Malware,Education,17.19,899381,Insider,Unpatched Software,Firewall,66
India,2023,Malware,IT,54.21,157667,Insider,Weak Passwords,VPN,34
UK,2021,Malware,Government,64.28,643714,Nation-state,Weak Passwords,VPN,25
USA,2023,Ransomware,Education,71.31,3607,Insider,Zero-day,AI-based Detection,7
UK,2017,Phishing,Banking,52.31,259706,Hacker Group,Social Engineering,Antivirus,2
India,2021,Man-in-the-Middle,Retail,40.94,698921,Insider,Weak Passwords,Firewall,72
Brazil,2024,Ransomware,Government,32.21,482574,Nation-state,Unpatched Software,Firewall,22
France,2017,DDoS,IT,20.44,618269,Nation-state,Weak Passwords,VPN,48
Russia,2016,Ransomware,Government,59.66,854961,Unknown,Unpatched Software,AI-based Detection,7
Brazil,2019,SQL Injection,Education,56.33,595157,Unknown,Zero-day,Encryption,41
France,2016,SQL Injection,Government,2.24,813706,Hacker Group,Weak Passwords,VPN,54
Brazil,2018,DDoS,Telecommunications,82.05,322527,Nation-state,Weak Passwords,Firewall,46
China,2024,DDoS,Healthcare,11.92,557016,Unknown,Zero-day,Firewall,34
UK,2017,DDoS,Healthcare,54.83,966668,Hacker Group,Weak Passwords,AI-based Detection,15
France,2020,SQL Injection,Retail,36.17,813165,Nation-state,Unpatched Software,Antivirus,44
France,2018,SQL Injection,Government,80.06,400807,Unknown,Weak Passwords,Firewall,67
Brazil,2023,Man-in-the-Middle,Retail,74.85,549300,Hacker Group,Weak Passwords,Antivirus,26
Brazil,2021,Ransomware,Government,74.01,956893,Unknown,Social Engineering,Antivirus,49
India,2015,SQL Injection,Government,46.2,245370,Insider,Social Engineering,AI-based Detection,57
Brazil,2017,Malware,IT,9.59,912731,Nation-state,Zero-day,Firewall,4
USA,2017,Malware,Telecommunications,81.19,362085,Insider,Weak Passwords,VPN,5
Germany,2022,SQL Injection,Telecommunications,42.8,862664,Hacker Group,Zero-day,Firewall,44
China,2015,Ransomware,Telecommunications,32.65,313384,Insider,Social Engineering,Antivirus,51
Russia,2018,Malware,Banking,17.99,593009,Unknown,Social Engineering,Firewall,27
Germany,2023,SQL Injection,Banking,30.68,933754,Insider,Social Engineering,Firewall,36
Japan,2015,DDoS,Government,82.12,55055,Hacker Group,Unpatched Software,VPN,44
France,2020,SQL Injection,Education,94.63,481180,Hacker Group,Weak Passwords,AI-based Detection,10
Russia,2020,Man-in-the-Middle,Banking,54.03,110260,Unknown,Weak Passwords,VPN,66
USA,2020,DDoS,Government,10.54,741592,Insider,Social Engineering,VPN,69
Russia,2020,Phishing,Education,34.41,928026,Unknown,Social Engineering,VPN,5
Germany,2018,SQL Injection,Education,84.27,399014,Nation-state,Zero-day,Firewall,52
China,2018,Ransomware,Retail,35.08,42831,Hacker Group,Social Engineering,Antivirus,42
UK,2018,Man-in-the-Middle,Healthcare,45.11,545613,Insider,Unpatched Software,VPN,25
Australia,2023,Man-in-the-Middle,Retail,92.57,813789,Nation-state,Unpatched Software,Antivirus,27
UK,2015,Ransomware,Banking,13.49,345825,Hacker Group,Zero-day,AI-based Detection,6
UK,2016,Phishing,Education,8.42,29671,Insider,Unpatched Software,Encryption,61
Australia,2020,Phishing,Government,92.5,34011,Insider,Unpatched Software,Firewall,9
USA,2018,SQL Injection,Banking,63.8,341383,Nation-state,Weak Passwords,Antivirus,9
Japan,2020,Ransomware,Banking,40.86,565080,Unknown,Zero-day,Encryption,6
Germany,2019,Malware,Banking,79.24,862136,Hacker Group,Zero-day,VPN,44
Japan,2022,Man-in-the-Middle,Retail,37.15,241151,Hacker Group,Social Engineering,Antivirus,56
India,2024,Man-in-the-Middle,Government,62.06,321158,Insider,Zero-day,VPN,37
France,2023,Phishing,Education,31.03,472386,Nation-state,Zero-day,Encryption,24
UK,2015,Man-in-the-Middle,Healthcare,82.54,34240,Insider,Weak Passwords,Encryption,45
USA,2019,Malware,Government,34.4,98018,Insider,Zero-day,VPN,55
Japan,2024,Phishing,Education,72.2,555808,Unknown,Weak Passwords,AI-based Detection,4
UK,2021,SQL Injection,Healthcare,52.23,449333,Hacker Group,Unpatched Software,Encryption,39
UK,2024,Man-in-the-Middle,Retail,7.16,368618,Nation-state,Social Engineering,Firewall,22
France,2022,Man-in-the-Middle,IT,78.23,310175,Hacker Group,Unpatched Software,AI-based Detection,53
UK,2020,Phishing,Retail,25.1,986980,Nation-state,Zero-day,VPN,71
UK,2024,DDoS,Retail,88.54,518181,Insider,Zero-day,Antivirus,24
India,2015,Phishing,Retail,49.51,72782,Unknown,Zero-day,Encryption,63
Russia,2018,DDoS,Telecommunications,4.08,502842,Unknown,Zero-day,VPN,15
UK,2024,Phishing,Retail,89.31,376586,Unknown,Weak Passwords,AI-based Detection,51
Germany,2023,Phishing,Government,88.55,698597,Unknown,Social Engineering,Antivirus,66
Russia,2015,SQL Injection,Education,5.26,559195,Insider,Weak Passwords,VPN,52
India,2024,Ransomware,Retail,17.57,236253,Unknown,Social Engineering,Firewall,38
Brazil,2016,DDoS,Healthcare,8.01,534847,Nation-state,Zero-day,Firewall,3
Australia,2016,Malware,Retail,39.86,262611,Unknown,Social Engineering,Antivirus,33
Brazil,2021,SQL Injection,Telecommunications,11.61,848702,Unknown,Weak Passwords,Antivirus,48
Germany,2017,Man-in-the-Middle,Retail,73.98,609952,Hacker Group,Unpatched Software,VPN,7
Germany,2022,Man-in-the-Middle,IT,65.86,978868,Insider,Weak Passwords,AI-based Detection,39
Australia,2021,Ransomware,Retail,41.26,659734,Insider,Unpatched Software,Antivirus,54
Japan,2022,DDoS,Retail,64.38,88354,Nation-state,Social Engineering,AI-based Detection,52
Brazil,2022,Phishing,Banking,75.01,771434,Hacker Group,Social Engineering,AI-based Detection,38
Australia,2016,SQL Injection,Banking,1.73,91560,Hacker Group,Weak Passwords,AI-based Detection,35
UK,2021,Phishing,Healthcare,1.35,375292,Unknown,Unpatched Software,Firewall,48
Japan,2015,SQL Injection,Retail,70.88,43366,Unknown,Weak Passwords,AI-based Detection,43
India,2019,Ransomware,Telecommunications,32.08,429224,Unknown,Social Engineering,AI-based Detection,56
Brazil,2017,Phishing,Healthcare,68.99,526227,Hacker Group,Weak Passwords,VPN,62
Japan,2024,Man-in-the-Middle,Retail,9.77,621770,Insider,Unpatched Software,AI-based Detection,70
India,2019,DDoS,Telecommunications,14.53,857688,Insider,Zero-day,Antivirus,55
Brazil,2024,SQL Injection,Banking,33.06,644841,Insider,Weak Passwords,Antivirus,64
Russia,2024,Man-in-the-Middle,IT,67.61,242847,Unknown,Unpatched Software,VPN,37
China,2022,Man-in-the-Middle,IT,85.3,155225,Unknown,Weak Passwords,Antivirus,13
Japan,2017,Man-in-the-Middle,Banking,79.68,712646,Nation-state,Unpatched Software,AI-based Detection,50
UK,2022,Phishing,Government,61.87,298941,Unknown,Zero-day,Antivirus,13
Russia,2018,Man-in-the-Middle,Telecommunications,4.92,783480,Insider,Zero-day,AI-based Detection,55
Germany,2019,Phishing,Healthcare,99.97,950451,Hacker Group,Weak Passwords,AI-based Detection,29
China,2018,Malware,Education,95.42,917848,Insider,Social Engineering,VPN,30
Germany,2016,SQL Injection,Education,42.98,194633,Nation-state,Social Engineering,Antivirus,37
Australia,2016,Malware,Telecommunications,68.42,778844,Unknown,Zero-day,Encryption,65
France,2018,SQL Injection,Government,36.14,668774,Unknown,Social Engineering,Firewall,61
France,2023,SQL Injection,Healthcare,69.76,824351,Unknown,Zero-day,Firewall,17
UK,2020,Phishing,Healthcare,3.02,510974,Unknown,Weak Passwords,Encryption,16
Australia,2021,Man-in-the-Middle,Healthcare,86.29,404595,Unknown,Social Engineering,AI-based Detection,3
Germany,2022,SQL Injection,IT,6.31,742273,Hacker Group,Zero-day,AI-based Detection,67
China,2016,Phishing,IT,27.46,973388,Nation-state,Zero-day,AI-based Detection,63
China,2024,DDoS,Government,69.28,890675,Hacker Group,Unpatched Software,Firewall,5
Germany,2022,SQL Injection,Education,68.96,710896,Nation-state,Zero-day,Firewall,18
India,2023,SQL Injection,Retail,2.85,30883,Nation-state,Weak Passwords,AI-based Detection,51
UK,2020,SQL Injection,Government,53.76,153355,Unknown,Zero-day,Encryption,57
Japan,2020,DDoS,Healthcare,25.83,96706,Insider,Unpatched Software,Firewall,42
Australia,2016,SQL Injection,IT,43.76,959797,Nation-state,Social Engineering,Antivirus,32
China,2024,Phishing,Telecommunications,9.45,501864,Hacker Group,Unpatched Software,Encryption,12
Japan,2024,Man-in-the-Middle,IT,63.57,358626,Unknown,Weak Passwords,VPN,26
Japan,2017,Man-in-the-Middle,Healthcare,11.3,64472,Insider,Social Engineering,Firewall,43
India,2023,DDoS,Education,82.11,23683,Hacker Group,Weak Passwords,Encryption,69
USA,2017,Man-in-the-Middle,IT,5.21,22635,Unknown,Unpatched Software,AI-based Detection,8
UK,2017,SQL Injection,Government,98.75,894933,Insider,Weak Passwords,Antivirus,59
UK,2023,Malware,Banking,55.34,259176,Unknown,Unpatched Software,VPN,3
China,2022,Man-in-the-Middle,Banking,12.36,987115,Unknown,Social Engineering,Encryption,55
France,2022,DDoS,Healthcare,6.48,727601,Insider,Social Engineering,Encryption,50
UK,2021,Phishing,Retail,56.53,542850,Nation-state,Zero-day,Antivirus,41
India,2023,Ransomware,Education,41.15,352194,Nation-state,Unpatched Software,Firewall,10
France,2019,Malware,Healthcare,39.83,571521,Nation-state,Weak Passwords,Antivirus,8
Brazil,2023,SQL Injection,Healthcare,47.59,933271,Insider,Unpatched Software,Antivirus,30
Brazil,2022,Phishing,Banking,98.06,884502,Insider,Unpatched Software,AI-based Detection,55
China,2015,Ransomware,IT,57.27,762001,Nation-state,Social Engineering,VPN,67
France,2016,DDoS,Government,82.49,351330,Nation-state,Weak Passwords,VPN,57
Australia,2023,Malware,Healthcare,37.73,158107,Unknown,Unpatched Software,AI-based Detection,43
USA,2016,SQL Injection,Government,77.45,632319,Unknown,Weak Passwords,AI-based Detection,47
India,2017,DDoS,Government,75.52,352250,Insider,Zero-day,VPN,39
France,2018,Ransomware,Telecommunications,11.28,504165,Hacker Group,Zero-day,AI-based Detection,55
Brazil,2024,DDoS,Telecommunications,36.69,738981,Unknown,Social Engineering,VPN,45
UK,2021,Ransomware,Banking,79.33,555527,Unknown,Unpatched Software,Firewall,33
Russia,2019,SQL Injection,Banking,59.78,681856,Insider,Zero-day,VPN,52
Germany,2024,DDoS,Retail,38.65,197609,Nation-state,Social Engineering,VPN,15
USA,2018,Man-in-the-Middle,Banking,85.29,685291,Hacker Group,Social Engineering,Encryption,53
Japan,2024,Ransomware,Retail,37.49,835730,Insider,Zero-day,VPN,14
Germany,2016,Phishing,Education,48.57,907547,Unknown,Unpatched Software,Firewall,33
France,2019,Phishing,Retail,3.0,298096,Unknown,Social Engineering,Firewall,16
UK,2023,Phishing,Retail,33.06,18579,Unknown,Social Engineering,VPN,13
UK,2021,Malware,Education,70.9,490771,Nation-state,Weak Passwords,Antivirus,70
Germany,2020,Phishing,Healthcare,38.12,394577,Nation-state,Unpatched Software,Encryption,33
India,2021,DDoS,Telecommunications,35.19,155426,Nation-state,Zero-day,Firewall,16
Russia,2017,Ransomware,Education,88.9,444399,Insider,Zero-day,Encryption,38
Japan,2015,Man-in-the-Middle,Healthcare,7.96,770028,Unknown,Unpatched Software,Firewall,58
Brazil,2023,Ransomware,Retail,66.38,608520,Hacker Group,Zero-day,VPN,14
Australia,2020,DDoS,Healthcare,91.45,471113,Hacker Group,Unpatched Software,AI-based Detection,71
Germany,2015,Man-in-the-Middle,Retail,63.65,311253,Nation-state,Weak Passwords,AI-based Detection,36
Brazil,2023,DDoS,IT,84.19,390409,Insider,Zero-day,AI-based Detection,31
China,2015,SQL Injection,IT,28.35,604786,Unknown,Zero-day,VPN,34
China,2024,SQL Injection,Government,84.23,568377,Unknown,Social Engineering,Antivirus,38
Russia,2020,SQL Injection,Telecommunications,29.89,267678,Insider,Zero-day,AI-based Detection,13
Australia,2020,Malware,Education,5.95,592485,Insider,Weak Passwords,Firewall,10
USA,2018,DDoS,Government,84.85,639011,Insider,Weak Passwords,Firewall,26
China,2023,Man-in-the-Middle,Telecommunications,28.82,446243,Unknown,Zero-day,Firewall,66
Germany,2016,DDoS,Government,22.48,10438,Nation-state,Unpatched Software,Encryption,10
Brazil,2023,SQL Injection,IT,97.37,796195,Nation-state,Social Engineering,Firewall,20
Australia,2020,SQL Injection,Telecommunications,53.32,55392,Unknown,Zero-day,VPN,44
Germany,2016,DDoS,IT,63.11,579291,Hacker Group,Unpatched Software,Encryption,6
Germany,2023,Malware,Banking,70.19,791366,Unknown,Unpatched Software,Firewall,61
France,2022,Malware,IT,92.29,727826,Unknown,Weak Passwords,Encryption,63
Russia,2023,Malware,IT,98.07,608695,Nation-state,Unpatched Software,AI-based Detection,31
Australia,2019,SQL Injection,Retail,13.96,496667,Unknown,Zero-day,Antivirus,45
Japan,2024,Malware,Retail,56.9,353887,Unknown,Weak Passwords,Antivirus,59
China,2019,Ransomware,Banking,32.69,713584,Insider,Weak Passwords,Firewall,26
India,2017,DDoS,IT,70.09,417831,Unknown,Unpatched Software,Encryption,36
USA,2019,Ransomware,Banking,22.62,51219,Unknown,Zero-day,Encryption,36
UK,2017,Ransomware,Retail,47.91,153257,Insider,Zero-day,Encryption,59
Russia,2017,Phishing,Retail,20.58,768022,Unknown,Zero-day,VPN,64
France,2024,Phishing,Banking,26.29,314347,Hacker Group,Unpatched Software,Antivirus,28
Germany,2020,Phishing,IT,33.51,649406,Insider,Social Engineering,Firewall,27
Japan,2023,Phishing,Education,68.28,744595,Insider,Zero-day,Antivirus,44
Brazil,2021,DDoS,Banking,14.72,126781,Insider,Weak Passwords,Antivirus,32
France,2015,Phishing,Retail,44.29,427167,Insider,Unpatched Software,Encryption,11
Australia,2023,Ransomware,Retail,41.54,396865,Insider,Social Engineering,AI-based Detection,42
UK,2019,Phishing,Telecommunications,90.67,902952,Unknown,Weak Passwords,Encryption,8
USA,2023,Ransomware,IT,34.94,632075,Insider,Social Engineering,Encryption,64
France,2017,SQL Injection,Healthcare,83.73,728486,Nation-state,Social Engineering,Encryption,61
Australia,2018,DDoS,Education,64.62,109439,Insider,Zero-day,Antivirus,32
India,2018,Malware,Education,86.38,1174,Insider,Weak Passwords,VPN,23
Russia,2024,Phishing,Education,25.7,953987,Insider,Social Engineering,AI-based Detection,65
Brazil,2021,DDoS,Government,56.2,713309,Hacker Group,Zero-day,Antivirus,51
Russia,2021,DDoS,Healthcare,11.38,334528,Insider,Weak Passwords,VPN,5
USA,2016,Phishing,IT,92.53,219826,Nation-state,Social Engineering,Antivirus,38
USA,2015,SQL Injection,Telecommunications,88.6,916744,Nation-state,Social Engineering,Antivirus,47
USA,2017,Man-in-the-Middle,IT,30.4,568560,Hacker Group,Zero-day,AI-based Detection,49
UK,2019,Malware,Education,90.7,440178,Insider,Unpatched Software,VPN,15
Japan,2023,SQL Injection,Healthcare,45.38,172628,Insider,Weak Passwords,Encryption,4
USA,2022,Ransomware,Government,71.33,257989,Unknown,Unpatched Software,AI-based Detection,68
Japan,2021,Phishing,Healthcare,9.42,573560,Hacker Group,Social Engineering,Antivirus,9
Brazil,2018,Malware,Education,5.27,850056,Hacker Group,Weak Passwords,VPN,65
Australia,2018,DDoS,Retail,41.59,860119,Nation-state,Unpatched Software,Encryption,30
USA,2015,SQL Injection,Education,98.78,140958,Insider,Social Engineering,AI-based Detection,51
China,2015,DDoS,Telecommunications,61.24,965727,Nation-state,Zero-day,AI-based Detection,32
Russia,2015,Malware,Telecommunications,69.34,20269,Unknown,Social Engineering,VPN,36
Germany,2015,DDoS,Retail,7.84,323011,Nation-state,Social Engineering,Encryption,25
USA,2016,Ransomware,Retail,57.17,50321,Nation-state,Social Engineering,Antivirus,25
Russia,2020,DDoS,Banking,33.99,851863,Insider,Weak Passwords,Firewall,25
China,2024,DDoS,IT,22.45,704925,Unknown,Unpatched Software,AI-based Detection,52
France,2018,Ransomware,Banking,27.78,355077,Nation-state,Unpatched Software,VPN,65
Australia,2022,Malware,Education,47.12,866057,Unknown,Social Engineering,Antivirus,17
Germany,2016,SQL Injection,Telecommunications,48.77,169455,Insider,Zero-day,Antivirus,23
India,2023,SQL Injection,IT,92.35,380022,Unknown,Unpatched Software,Encryption,30
USA,2019,SQL Injection,Retail,88.98,898679,Insider,Zero-day,Firewall,35
Japan,2020,Ransomware,IT,61.69,704157,Unknown,Zero-day,Antivirus,42
Russia,2022,Malware,Telecommunications,84.57,262201,Nation-state,Weak Passwords,Encryption,54
Brazil,2021,DDoS,Telecommunications,67.87,683261,Hacker Group,Unpatched Software,Antivirus,13
USA,2022,Phishing,IT,59.7,382379,Nation-state,Unpatched Software,Firewall,2
Germany,2024,Phishing,Government,90.21,510657,Nation-state,Social Engineering,VPN,62
UK,2018,SQL Injection,Education,16.23,912558,Nation-state,Unpatched Software,Antivirus,69
UK,2020,Ransomware,Banking,16.91,952504,Hacker Group,Zero-day,AI-based Detection,45
France,2015,Phishing,Government,41.88,913027,Insider,Unpatched Software,Antivirus,68
Brazil,2019,Malware,Government,31.04,269271,Insider,Unpatched Software,Antivirus,58
India,2016,Ransomware,Healthcare,37.12,113404,Hacker Group,Social Engineering,Antivirus,11
Russia,2023,DDoS,Healthcare,46.2,310868,Hacker Group,Weak Passwords,Antivirus,10
Japan,2024,Man-in-the-Middle,Telecommunications,98.3,458630,Insider,Social Engineering,Antivirus,14
USA,2024,Ransomware,IT,16.61,912183,Unknown,Weak Passwords,Encryption,44
Brazil,2017,Man-in-the-Middle,IT,71.06,871891,Unknown,Social Engineering,Antivirus,52
USA,2016,SQL Injection,Government,14.17,863298,Nation-state,Unpatched Software,VPN,15
Australia,2018,Malware,Healthcare,82.65,434626,Unknown,Social Engineering,AI-based Detection,29
Australia,2018,Ransomware,IT,78.27,195490,Unknown,Zero-day,Antivirus,63
UK,2022,Ransomware,Retail,10.44,19404,Nation-state,Unpatched Software,Firewall,32
Russia,2019,Ransomware,Healthcare,21.95,217438,Hacker Group,Social Engineering,Firewall,14
India,2018,Malware,Healthcare,30.83,481452,Unknown,Weak Passwords,AI-based Detection,57
UK,2020,SQL Injection,Education,35.57,386093,Unknown,Unpatched Software,VPN,42
France,2019,Man-in-the-Middle,Banking,28.29,929020,Nation-state,Weak Passwords,Antivirus,2
USA,2022,Malware,IT,4.06,863756,Nation-state,Unpatched Software,AI-based Detection,66
China,2018,Ransomware,Telecommunications,58.28,300898,Nation-state,Unpatched Software,Encryption,18
Japan,2017,SQL Injection,Healthcare,7.31,191328,Insider,Weak Passwords,Encryption,51
Germany,2021,Man-in-the-Middle,Banking,37.69,361849,Hacker Group,Zero-day,Firewall,63
Brazil,2016,Phishing,Retail,27.99,30884,Nation-state,Unpatched Software,Antivirus,26
Brazil,2024,Ransomware,IT,71.55,902924,Unknown,Social Engineering,Encryption,12
Brazil,2024,Man-in-the-Middle,Telecommunications,27.13,943178,Nation-state,Weak Passwords,VPN,63
Australia,2021,SQL Injection,Telecommunications,10.28,994468,Insider,Unpatched Software,Antivirus,8
China,2022,Phishing,Retail,31.35,131361,Insider,Weak Passwords,Firewall,39
China,2023,Malware,Telecommunications,80.1,237658,Unknown,Zero-day,Antivirus,26
USA,2017,Ransomware,Banking,42.19,157313,Hacker Group,Unpatched Software,Antivirus,47
UK,2021,Man-in-the-Middle,Education,40.98,414340,Insider,Unpatched Software,AI-based Detection,10
France,2020,DDoS,Healthcare,58.8,153523,Insider,Social Engineering,Encryption,22
UK,2019,Phishing,IT,3.33,232665,Unknown,Social Engineering,AI-based Detection,65
Germany,2022,Phishing,Government,58.98,383945,Nation-state,Zero-day,Encryption,49
Brazil,2023,Ransomware,Government,4.6,762006,Unknown,Weak Passwords,Antivirus,21
Germany,2019,SQL Injection,Government,96.91,408103,Nation-state,Unpatched Software,Firewall,27
France,2022,Phishing,Healthcare,85.91,44837,Unknown,Zero-day,AI-based Detection,18
Germany,2023,DDoS,Telecommunications,51.49,642699,Unknown,Social Engineering,Firewall,51
UK,2021,Ransomware,Telecommunications,3.99,634820,Insider,Unpatched Software,Encryption,33
France,2021,Malware,Retail,3.44,887718,Insider,Zero-day,Antivirus,55
USA,2020,DDoS,Education,52.7,541631,Unknown,Zero-day,AI-based Detection,30
USA,2016,Ransomware,Retail,11.58,523522,Unknown,Weak Passwords,Encryption,57
Russia,2021,DDoS,Government,91.69,686309,Unknown,Unpatched Software,Antivirus,42
India,2015,Man-in-the-Middle,Education,79.89,416328,Nation-state,Zero-day,Encryption,55
India,2021,Man-in-the-Middle,IT,53.49,582718,Hacker Group,Social Engineering,Encryption,20
Japan,2021,Man-in-the-Middle,Telecommunications,18.91,549640,Nation-state,Social Engineering,Encryption,17
USA,2024,DDoS,Retail,15.34,1068,Insider,Social Engineering,Firewall,3
France,2018,DDoS,Telecommunications,12.72,959835,Unknown,Zero-day,Firewall,38
USA,2024,Ransomware,Retail,46.59,227390,Insider,Weak Passwords,AI-based Detection,40
France,2021,SQL Injection,Banking,62.9,577763,Insider,Zero-day,AI-based Detection,43
Japan,2018,SQL Injection,Healthcare,85.33,786644,Nation-state,Unpatched Software,Antivirus,41
China,2016,Malware,Healthcare,85.15,454802,Insider,Unpatched Software,Antivirus,48
China,2024,DDoS,Healthcare,53.53,371685,Unknown,Social Engineering,VPN,34
India,2023,Ransomware,Retail,4.32,217534,Unknown,Unpatched Software,VPN,48
Australia,2024,Man-in-the-Middle,Telecommunications,31.68,376612,Nation-state,Unpatched Software,VPN,27
UK,2020,Phishing,Banking,84.77,812206,Hacker Group,Unpatched Software,Encryption,39
Australia,2021,Man-in-the-Middle,Banking,82.87,255967,Unknown,Social Engineering,VPN,23
USA,2023,DDoS,Healthcare,5.32,463332,Unknown,Weak Passwords,Encryption,16
Australia,2023,DDoS,IT,31.48,771547,Hacker Group,Zero-day,Antivirus,5
UK,2020,DDoS,Retail,86.0,809209,Unknown,Social Engineering,Encryption,26
India,2024,DDoS,Retail,35.47,342575,Insider,Social Engineering,Firewall,49
Japan,2024,Phishing,Retail,94.75,478963,Insider,Zero-day,VPN,70
USA,2017,SQL Injection,Banking,39.59,910393,Unknown,Weak Passwords,Antivirus,52
Australia,2024,Phishing,Banking,70.52,601198,Insider,Zero-day,Encryption,41
UK,2018,Ransomware,Government,6.6,152302,Hacker Group,Social Engineering,AI-based Detection,26
USA,2016,SQL Injection,Healthcare,25.85,79102,Nation-state,Zero-day,AI-based Detection,4
India,2017,Ransomware,Retail,80.93,837506,Nation-state,Zero-day,Antivirus,8
Germany,2018,Malware,Banking,63.81,347441,Hacker Group,Social Engineering,Firewall,58
USA,2021,Ransomware,Telecommunications,3.63,231198,Insider,Unpatched Software,Encryption,42
Brazil,2016,DDoS,Government,80.09,555275,Unknown,Social Engineering,Antivirus,71
UK,2016,SQL Injection,Retail,24.51,46699,Unknown,Zero-day,Antivirus,53
UK,2024,Man-in-the-Middle,IT,56.23,706469,Unknown,Unpatched Software,Encryption,17
China,2018,Ransomware,IT,43.73,311165,Unknown,Social Engineering,AI-based Detection,34
France,2019,SQL Injection,Government,85.13,304257,Nation-state,Weak Passwords,Antivirus,20
Brazil,2017,SQL Injection,Telecommunications,24.05,446378,Insider,Unpatched Software,Antivirus,59
China,2021,Ransomware,Healthcare,32.72,994243,Hacker Group,Social Engineering,Firewall,54
UK,2015,Phishing,Healthcare,81.75,98634,Unknown,Social Engineering,VPN,5
USA,2018,Phishing,Telecommunications,42.46,93999,Nation-state,Social Engineering,Encryption,65
France,2017,SQL Injection,Education,14.54,171095,Hacker Group,Zero-day,AI-based Detection,63
USA,2015,Man-in-the-Middle,IT,38.92,820182,Nation-state,Weak Passwords,Antivirus,16
Germany,2018,SQL Injection,Telecommunications,4.2,164890,Insider,Weak Passwords,Encryption,61
China,2015,SQL Injection,Telecommunications,75.91,605020,Insider,Unpatched Software,Antivirus,43
Australia,2024,Ransomware,Education,44.95,500747,Insider,Unpatched Software,AI-based Detection,58
Japan,2020,Man-in-the-Middle,IT,35.79,854904,Insider,Weak Passwords,Firewall,12
China,2020,SQL Injection,Healthcare,62.44,55719,Unknown,Unpatched Software,Firewall,71
Brazil,2015,Phishing,Retail,19.93,355008,Hacker Group,Unpatched Software,Antivirus,31
UK,2019,Phishing,IT,75.31,428615,Unknown,Social Engineering,AI-based Detection,66
Australia,2015,Phishing,Healthcare,76.4,108767,Nation-state,Unpatched Software,VPN,48
India,2020,Man-in-the-Middle,IT,28.69,939469,Insider,Unpatched Software,Encryption,45
UK,2019,Man-in-the-Middle,Government,23.93,325827,Nation-state,Zero-day,Antivirus,39
UK,2017,Man-in-the-Middle,Education,30.44,996762,Hacker Group,Social Engineering,AI-based Detection,27
Japan,2017,Phishing,IT,5.14,319868,Hacker Group,Unpatched Software,VPN,52
Brazil,2018,Man-in-the-Middle,Banking,1.01,66191,Hacker Group,Weak Passwords,AI-based Detection,71
India,2023,Ransomware,IT,18.53,925373,Insider,Zero-day,AI-based Detection,4
India,2015,Malware,Telecommunications,1.52,913114,Insider,Unpatched Software,VPN,15
Australia,2019,DDoS,Healthcare,84.89,163975,Nation-state,Unpatched Software,Firewall,22
USA,2016,DDoS,Education,66.73,876135,Insider,Unpatched Software,AI-based Detection,67
China,2024,Ransomware,Government,72.61,595380,Hacker Group,Zero-day,VPN,10
France,2020,DDoS,Government,44.16,840796,Nation-state,Weak Passwords,AI-based Detection,5
UK,2022,DDoS,Telecommunications,80.05,484908,Unknown,Weak Passwords,Firewall,42
Russia,2018,SQL Injection,Telecommunications,13.69,146100,Unknown,Social Engineering,Encryption,22
USA,2021,Phishing,IT,29.02,555756,Insider,Zero-day,AI-based Detection,21
India,2017,Ransomware,Retail,69.91,340928,Unknown,Social Engineering,Antivirus,61
UK,2016,Malware,Telecommunications,3.76,678640,Insider,Zero-day,Encryption,44
Brazil,2020,Phishing,IT,57.43,212798,Insider,Social Engineering,Antivirus,31
UK,2019,Ransomware,Retail,63.45,354024,Unknown,Weak Passwords,AI-based Detection,33
UK,2016,Man-in-the-Middle,Government,41.34,189354,Insider,Zero-day,Firewall,39
Australia,2022,Phishing,Education,22.73,648363,Unknown,Zero-day,VPN,47
Brazil,2017,DDoS,IT,5.88,231114,Insider,Weak Passwords,AI-based Detection,37
India,2017,Ransomware,Banking,9.81,489620,Unknown,Unpatched Software,VPN,43
USA,2015,DDoS,IT,94.14,854005,Unknown,Zero-day,AI-based Detection,14
Germany,2017,Ransomware,IT,33.24,550719,Hacker Group,Zero-day,AI-based Detection,60
Germany,2019,Man-in-the-Middle,Government,75.37,445254,Hacker Group,Unpatched Software,VPN,42
Japan,2020,Phishing,Education,49.17,218097,Unknown,Zero-day,VPN,32
Germany,2017,Malware,Telecommunications,94.87,324790,Insider,Zero-day,VPN,42
India,2023,SQL Injection,Government,28.71,497965,Unknown,Unpatched Software,VPN,25
Australia,2023,SQL Injection,Education,42.5,933030,Insider,Social Engineering,Antivirus,27
UK,2015,Man-in-the-Middle,IT,53.07,538338,Nation-state,Zero-day,VPN,1
France,2018,Phishing,Retail,99.78,860459,Hacker Group,Social Engineering,AI-based Detection,11
UK,2024,DDoS,Healthcare,82.87,276634,Unknown,Unpatched Software,Antivirus,38
Germany,2018,Man-in-the-Middle,Banking,81.46,316299,Insider,Social Engineering,Firewall,66
Japan,2023,Ransomware,Healthcare,33.66,410385,Unknown,Zero-day,Encryption,71
Japan,2024,DDoS,Healthcare,99.28,589898,Unknown,Weak Passwords,VPN,59
France,2016,Man-in-the-Middle,Retail,14.86,63760,Hacker Group,Weak Passwords,VPN,8
USA,2015,Ransomware,Banking,33.75,58037,Insider,Social Engineering,VPN,13
UK,2017,SQL Injection,Government,82.03,994787,Nation-state,Unpatched Software,Encryption,56
India,2016,Ransomware,Retail,9.53,89719,Unknown,Zero-day,Firewall,68
Germany,2023,SQL Injection,Telecommunications,6.09,590760,Unknown,Unpatched Software,Firewall,32
UK,2022,DDoS,IT,29.05,186700,Insider,Weak Passwords,Antivirus,37
Japan,2019,SQL Injection,Education,89.48,682430,Hacker Group,Zero-day,VPN,5
Australia,2018,SQL Injection,Education,75.2,60868,Insider,Social Engineering,Antivirus,46
France,2016,SQL Injection,Government,29.33,182916,Nation-state,Unpatched Software,Antivirus,17
France,2023,DDoS,Education,65.96,181879,Insider,Weak Passwords,Antivirus,64
Australia,2017,Phishing,Retail,95.2,715732,Unknown,Weak Passwords,Antivirus,11
UK,2023,Malware,Banking,16.02,452477,Hacker Group,Zero-day,Encryption,23
India,2018,Ransomware,Banking,11.19,168881,Insider,Social Engineering,AI-based Detection,5
France,2017,SQL Injection,Healthcare,27.42,94235,Insider,Social Engineering,Antivirus,29
Australia,2015,Ransomware,Telecommunications,17.38,75314,Unknown,Unpatched Software,Encryption,6
Russia,2019,Man-in-the-Middle,Retail,99.53,515797,Nation-state,Social Engineering,Firewall,46
Russia,2024,DDoS,Telecommunications,55.05,363906,Insider,Weak Passwords,Antivirus,31
UK,2022,DDoS,Education,79.6,446296,Unknown,Zero-day,AI-based Detection,4
Russia,2017,Ransomware,Telecommunications,65.18,329972,Nation-state,Unpatched Software,Firewall,48
China,2017,Ransomware,Education,25.73,639190,Insider,Social Engineering,Encryption,33
USA,2022,Ransomware,Government,33.71,135105,Unknown,Unpatched Software,VPN,48
China,2015,DDoS,Education,94.74,103079,Nation-state,Social Engineering,Antivirus,57
France,2018,DDoS,IT,75.88,822364,Unknown,Zero-day,VPN,71
India,2021,SQL Injection,Government,75.25,597509,Nation-state,Social Engineering,Firewall,20
Brazil,2023,Man-in-the-Middle,Telecommunications,90.37,705678,Hacker Group,Zero-day,Antivirus,57
France,2020,Phishing,Retail,14.45,309967,Unknown,Zero-day,Firewall,26
France,2022,Ransomware,Banking,54.47,604250,Unknown,Social Engineering,AI-based Detection,63
India,2024,Ransomware,IT,33.66,131900,Unknown,Unpatched Software,Antivirus,21
Australia,2022,Ransomware,Government,84.51,305494,Insider,Social Engineering,Firewall,19
Brazil,2023,Malware,Healthcare,61.56,907121,Unknown,Social Engineering,VPN,33
India,2024,Phishing,Banking,23.32,879162,Unknown,Zero-day,VPN,38
Brazil,2017,Man-in-the-Middle,Telecommunications,43.71,57237,Unknown,Unpatched Software,Firewall,52
Australia,2016,Phishing,Telecommunications,2.84,880127,Insider,Social Engineering,Antivirus,67
China,2017,Phishing,IT,71.4,698847,Insider,Zero-day,AI-based Detection,17
India,2022,Man-in-the-Middle,Banking,90.87,928859,Unknown,Unpatched Software,Firewall,32
India,2017,SQL Injection,IT,78.94,858565,Unknown,Weak Passwords,Encryption,29
China,2022,Malware,Telecommunications,34.33,571265,Unknown,Unpatched Software,Firewall,17
Russia,2015,DDoS,Banking,40.64,259321,Nation-state,Social Engineering,AI-based Detection,62
Brazil,2022,Man-in-the-Middle,Banking,59.43,121504,Insider,Weak Passwords,AI-based Detection,32
France,2018,DDoS,Banking,50.75,670630,Nation-state,Zero-day,Antivirus,4
China,2024,Ransomware,Banking,72.18,277175,Insider,Social Engineering,Firewall,72
USA,2016,Man-in-the-Middle,Retail,23.35,952463,Nation-state,Unpatched Software,Antivirus,26
UK,2020,DDoS,Government,78.32,624619,Unknown,Weak Passwords,AI-based Detection,67
China,2018,Phishing,Healthcare,20.22,363934,Insider,Weak Passwords,Firewall,24
Japan,2017,SQL Injection,IT,33.15,44750,Unknown,Unpatched Software,Firewall,22
UK,2021,DDoS,Banking,8.82,736601,Nation-state,Zero-day,AI-based Detection,26
Japan,2018,Ransomware,Education,43.32,42876,Unknown,Unpatched Software,Antivirus,40
Australia,2018,DDoS,Healthcare,90.4,536357,Nation-state,Weak Passwords,Encryption,55
USA,2017,Phishing,Government,55.34,785099,Insider,Social Engineering,Encryption,29
France,2019,DDoS,Healthcare,27.89,460544,Unknown,Weak Passwords,Firewall,29
France,2020,Ransomware,Education,66.04,881755,Unknown,Zero-day,Firewall,10
India,2024,SQL Injection,Telecommunications,10.24,213393,Unknown,Social Engineering,Encryption,49
UK,2017,Man-in-the-Middle,Telecommunications,43.82,213979,Hacker Group,Unpatched Software,Firewall,10
UK,2021,Malware,Telecommunications,3.17,570243,Insider,Unpatched Software,Antivirus,51
Brazil,2016,Malware,Government,72.73,47624,Nation-state,Weak Passwords,Firewall,70
China,2024,Man-in-the-Middle,Banking,16.09,72940,Nation-state,Zero-day,VPN,26
Japan,2020,Malware,Telecommunications,98.14,710142,Insider,Zero-day,AI-based Detection,56
Japan,2023,Malware,Retail,51.91,360524,Hacker Group,Unpatched Software,Firewall,47
France,2017,Phishing,IT,55.9,309259,Insider,Zero-day,AI-based Detection,3
UK,2024,Phishing,Government,30.68,393201,Nation-state,Social Engineering,Firewall,3
Germany,2020,Ransomware,IT,65.2,306799,Unknown,Zero-day,Encryption,61
Russia,2022,Malware,Healthcare,81.92,30180,Insider,Weak Passwords,AI-based Detection,53
India,2017,Phishing,Retail,97.87,113745,Unknown,Unpatched Software,Encryption,2
Japan,2024,Ransomware,Banking,24.22,584428,Nation-state,Weak Passwords,Firewall,34
France,2020,Ransomware,Healthcare,3.27,178268,Nation-state,Unpatched Software,Antivirus,2
China,2022,Phishing,Retail,33.69,338578,Unknown,Social Engineering,AI-based Detection,38
China,2024,DDoS,Healthcare,7.31,972407,Hacker Group,Zero-day,Encryption,51
Brazil,2022,Ransomware,Banking,15.66,817169,Insider,Unpatched Software,Firewall,54
Australia,2015,Malware,Healthcare,62.34,796100,Hacker Group,Social Engineering,AI-based Detection,20
UK,2016,Man-in-the-Middle,Banking,76.06,530253,Unknown,Weak Passwords,Encryption,28
Australia,2024,Man-in-the-Middle,Government,50.36,165496,Nation-state,Weak Passwords,Encryption,72
Russia,2021,Ransomware,Banking,34.92,501490,Insider,Social Engineering,Firewall,44
India,2016,Malware,Banking,11.81,392365,Insider,Social Engineering,Antivirus,72
China,2022,Malware,Education,96.72,194617,Insider,Social Engineering,Antivirus,31
Japan,2022,Man-in-the-Middle,Retail,44.34,516125,Unknown,Zero-day,Firewall,67
Australia,2021,Man-in-the-Middle,Telecommunications,67.72,393335,Hacker Group,Social Engineering,Antivirus,31
UK,2018,SQL Injection,Government,34.09,197436,Unknown,Zero-day,Antivirus,10
France,2022,DDoS,Education,31.51,452360,Nation-state,Zero-day,Antivirus,65
Australia,2018,DDoS,Healthcare,20.39,913090,Unknown,Zero-day,VPN,2
Germany,2018,SQL Injection,Telecommunications,38.65,368222,Insider,Zero-day,VPN,56
India,2022,SQL Injection,Healthcare,77.3,826937,Unknown,Zero-day,AI-based Detection,64
Brazil,2015,Ransomware,Retail,89.93,673959,Hacker Group,Zero-day,Firewall,39
UK,2022,Ransomware,Education,4.29,383246,Nation-state,Unpatched Software,VPN,45
UK,2019,Man-in-the-Middle,Banking,76.03,422890,Insider,Social Engineering,VPN,4
Australia,2020,Malware,Banking,42.3,497035,Hacker Group,Zero-day,AI-based Detection,66
Brazil,2023,Phishing,Government,72.57,720220,Unknown,Weak Passwords,Firewall,71
Russia,2019,Phishing,Government,93.7,808318,Nation-state,Social Engineering,Antivirus,57
Germany,2022,SQL Injection,IT,68.63,294981,Unknown,Zero-day,AI-based Detection,3
USA,2017,Phishing,Healthcare,52.7,281182,Nation-state,Zero-day,Encryption,27
Australia,2017,Ransomware,Education,66.56,95750,Nation-state,Zero-day,Antivirus,44
Brazil,2015,Ransomware,Retail,91.03,879260,Hacker Group,Social Engineering,Antivirus,16
Russia,2017,Man-in-the-Middle,IT,14.74,561615,Hacker Group,Weak Passwords,Antivirus,29
Brazil,2016,SQL Injection,Retail,40.29,206598,Unknown,Zero-day,Encryption,45
Brazil,2017,Man-in-the-Middle,IT,56.83,171305,Unknown,Unpatched Software,Firewall,54
Russia,2024,SQL Injection,Government,63.45,492909,Unknown,Zero-day,AI-based Detection,42
UK,2021,Man-in-the-Middle,IT,72.57,477493,Hacker Group,Unpatched Software,Encryption,16
Japan,2021,Phishing,Government,22.94,622723,Nation-state,Weak Passwords,AI-based Detection,67
Australia,2016,Malware,Healthcare,80.22,124155,Nation-state,Weak Passwords,Encryption,40
China,2024,Malware,Retail,34.49,897277,Unknown,Zero-day,VPN,55
USA,2017,SQL Injection,Healthcare,51.26,28682,Hacker Group,Zero-day,VPN,44
Japan,2020,Phishing,Banking,73.04,512431,Nation-state,Unpatched Software,VPN,44
Australia,2018,SQL Injection,IT,19.14,171977,Unknown,Zero-day,Antivirus,44
UK,2015,SQL Injection,Telecommunications,38.72,943070,Hacker Group,Zero-day,VPN,36
Japan,2021,DDoS,Education,14.88,887855,Nation-state,Zero-day,AI-based Detection,7
USA,2018,Ransomware,Retail,54.05,535110,Nation-state,Zero-day,Antivirus,2
USA,2021,Man-in-the-Middle,Telecommunications,42.29,817386,Nation-state,Zero-day,Firewall,8
India,2018,Phishing,Banking,96.59,206552,Nation-state,Weak Passwords,Encryption,13
Brazil,2020,Man-in-the-Middle,Education,71.35,154966,Hacker Group,Zero-day,Antivirus,19
France,2016,Phishing,Banking,54.5,511287,Unknown,Unpatched Software,Antivirus,34
Germany,2023,SQL Injection,Banking,94.48,426499,Unknown,Unpatched Software,VPN,37
UK,2016,Man-in-the-Middle,Telecommunications,73.63,15907,Hacker Group,Social Engineering,Antivirus,36
UK,2022,Phishing,Education,36.15,375734,Nation-state,Weak Passwords,AI-based Detection,31
Brazil,2023,Malware,Government,19.18,993826,Unknown,Zero-day,Firewall,7
India,2023,Ransomware,Banking,83.18,397813,Nation-state,Social Engineering,Antivirus,12
France,2024,Ransomware,Banking,70.98,185001,Insider,Zero-day,VPN,3
Japan,2024,DDoS,IT,7.99,805548,Insider,Unpatched Software,Antivirus,10
Brazil,2015,SQL Injection,Retail,74.74,562552,Nation-state,Unpatched Software,Encryption,37
Brazil,2018,Malware,Education,33.12,724513,Nation-state,Zero-day,VPN,46
UK,2024,SQL Injection,Telecommunications,54.1,715395,Unknown,Social Engineering,VPN,60
France,2020,Ransomware,Telecommunications,75.13,177097,Unknown,Unpatched Software,Encryption,15
Australia,2020,Man-in-the-Middle,Banking,56.34,407084,Unknown,Unpatched Software,Firewall,11
UK,2023,Phishing,Healthcare,23.66,889641,Hacker Group,Social Engineering,AI-based Detection,50
USA,2019,SQL Injection,IT,17.81,378105,Unknown,Weak Passwords,Encryption,4
Germany,2020,SQL Injection,Education,43.96,597987,Hacker Group,Weak Passwords,Encryption,50
USA,2018,Malware,Education,77.07,10600,Insider,Social Engineering,Firewall,47
France,2016,SQL Injection,Healthcare,10.82,586784,Hacker Group,Weak Passwords,Encryption,26
India,2023,SQL Injection,Banking,48.53,421083,Insider,Unpatched Software,AI-based Detection,28
Australia,2023,Ransomware,Education,94.86,127127,Unknown,Social Engineering,Encryption,47
China,2016,Malware,Government,15.92,668188,Insider,Unpatched Software,AI-based Detection,38
Japan,2018,SQL Injection,Education,11.28,433618,Hacker Group,Social Engineering,Antivirus,59
Germany,2023,Malware,Telecommunications,3.86,51176,Unknown,Social Engineering,Encryption,61
Germany,2016,SQL Injection,IT,34.35,918452,Unknown,Weak Passwords,AI-based Detection,16
Germany,2023,Ransomware,Healthcare,84.92,152814,Nation-state,Social Engineering,AI-based Detection,33
USA,2017,Man-in-the-Middle,Retail,74.57,502149,Hacker Group,Weak Passwords,AI-based Detection,29
USA,2019,Ransomware,Healthcare,89.81,46960,Nation-state,Zero-day,AI-based Detection,16
Brazil,2017,SQL Injection,Government,40.66,651335,Insider,Weak Passwords,Encryption,21
Brazil,2018,DDoS,Telecommunications,69.83,587034,Hacker Group,Weak Passwords,AI-based Detection,35
France,2015,Man-in-the-Middle,Healthcare,79.58,856278,Hacker Group,Zero-day,Firewall,71
China,2022,DDoS,Banking,79.07,880586,Hacker Group,Unpatched Software,VPN,56
USA,2019,DDoS,Government,81.56,78873,Hacker Group,Weak Passwords,Encryption,27
Australia,2017,DDoS,Banking,62.81,810106,Hacker Group,Weak Passwords,Encryption,66
Germany,2021,DDoS,Government,28.71,937384,Hacker Group,Unpatched Software,Encryption,67
Japan,2023,Man-in-the-Middle,Retail,36.68,231307,Unknown,Zero-day,Encryption,4
China,2016,DDoS,IT,71.75,816710,Hacker Group,Weak Passwords,VPN,60
USA,2019,Man-in-the-Middle,Telecommunications,17.21,896828,Unknown,Weak Passwords,Firewall,33
UK,2016,DDoS,Telecommunications,48.47,937466,Hacker Group,Social Engineering,AI-based Detection,28
China,2020,DDoS,Banking,11.72,81518,Nation-state,Social Engineering,VPN,47
Brazil,2015,Malware,IT,1.35,371048,Hacker Group,Zero-day,VPN,56
USA,2019,Phishing,IT,20.13,25946,Hacker Group,Weak Passwords,AI-based Detection,68
France,2017,Man-in-the-Middle,Education,14.99,942088,Insider,Zero-day,AI-based Detection,46
Japan,2015,Malware,Telecommunications,28.8,915532,Insider,Zero-day,Encryption,68
USA,2018,SQL Injection,Government,99.49,755576,Insider,Weak Passwords,AI-based Detection,23
Brazil,2018,Malware,Education,6.3,661644,Insider,Social Engineering,AI-based Detection,29
UK,2019,DDoS,Telecommunications,95.75,168951,Insider,Social Engineering,VPN,13
Russia,2022,Man-in-the-Middle,IT,49.87,816398,Insider,Social Engineering,Encryption,39
India,2017,DDoS,Education,83.49,79933,Hacker Group,Zero-day,AI-based Detection,23
USA,2019,Malware,Government,83.84,506149,Nation-state,Social Engineering,Encryption,35
Japan,2021,Phishing,Retail,81.26,245015,Nation-state,Zero-day,Firewall,41
Japan,2017,SQL Injection,Banking,66.81,966993,Hacker Group,Social Engineering,VPN,64
Australia,2016,Malware,Education,88.87,235062,Nation-state,Weak Passwords,Firewall,32
Brazil,2022,Phishing,Healthcare,75.08,132520,Unknown,Zero-day,Antivirus,56
Germany,2016,SQL Injection,Retail,56.57,869605,Unknown,Social Engineering,VPN,51
USA,2017,Phishing,Banking,96.27,637264,Hacker Group,Unpatched Software,AI-based Detection,11
Russia,2021,DDoS,Banking,45.6,759356,Insider,Social Engineering,VPN,1
Brazil,2021,DDoS,Education,69.37,666096,Hacker Group,Zero-day,Encryption,9
India,2021,SQL Injection,Telecommunications,68.91,851981,Nation-state,Zero-day,AI-based Detection,57
Australia,2024,Phishing,Banking,14.97,214740,Nation-state,Unpatched Software,Encryption,57
Brazil,2016,Phishing,Government,35.94,372653,Hacker Group,Weak Passwords,VPN,60
India,2024,Phishing,Banking,64.23,903871,Nation-state,Unpatched Software,Encryption,17
India,2015,Malware,Education,64.29,924049,Nation-state,Social Engineering,VPN,5
Australia,2020,Malware,Government,98.05,193983,Nation-state,Zero-day,Antivirus,31
Russia,2021,Ransomware,Telecommunications,11.04,904330,Nation-state,Weak Passwords,VPN,49
India,2018,SQL Injection,Education,52.05,874254,Nation-state,Zero-day,Antivirus,11
Germany,2020,Man-in-the-Middle,Healthcare,28.81,691190,Nation-state,Unpatched Software,Firewall,27
China,2024,DDoS,IT,61.42,412245,Nation-state,Social Engineering,Encryption,48
France,2021,Man-in-the-Middle,Healthcare,53.77,302180,Insider,Weak Passwords,AI-based Detection,11
USA,2016,Ransomware,Government,8.21,537592,Nation-state,Social Engineering,Antivirus,11
Brazil,2022,SQL Injection,Retail,25.85,632061,Nation-state,Zero-day,Antivirus,2
Brazil,2015,DDoS,Retail,67.52,224815,Nation-state,Social Engineering,Firewall,32
India,2022,DDoS,IT,23.91,169310,Unknown,Weak Passwords,Encryption,36
Japan,2023,Man-in-the-Middle,Telecommunications,86.98,635827,Nation-state,Social Engineering,Encryption,72
UK,2022,Ransomware,IT,63.67,560021,Unknown,Zero-day,Encryption,43
Japan,2021,Man-in-the-Middle,Government,61.03,768506,Nation-state,Zero-day,AI-based Detection,11
Australia,2018,Phishing,Healthcare,39.94,755469,Hacker Group,Social Engineering,Antivirus,58
India,2022,Ransomware,Retail,74.05,205336,Hacker Group,Social Engineering,AI-based Detection,2
France,2020,DDoS,IT,7.52,957779,Nation-state,Social Engineering,Encryption,17
UK,2017,Malware,Education,29.47,85644,Hacker Group,Social Engineering,AI-based Detection,3
France,2019,Man-in-the-Middle,Telecommunications,75.99,561713,Insider,Unpatched Software,Firewall,31
Germany,2017,Phishing,Healthcare,53.57,287762,Insider,Weak Passwords,Encryption,13
India,2015,Phishing,Healthcare,76.08,471550,Unknown,Zero-day,VPN,5
Japan,2018,SQL Injection,IT,69.19,33209,Insider,Unpatched Software,AI-based Detection,66
China,2017,Phishing,Retail,45.83,395251,Unknown,Unpatched Software,Encryption,33
Germany,2019,DDoS,IT,14.77,491791,Hacker Group,Zero-day,Encryption,66
Australia,2016,Phishing,Healthcare,53.81,279874,Hacker Group,Unpatched Software,AI-based Detection,66
France,2019,Malware,IT,71.94,881326,Insider,Unpatched Software,Firewall,43
UK,2023,DDoS,IT,68.86,749700,Nation-state,Zero-day,AI-based Detection,35
UK,2022,Phishing,Government,97.56,722445,Nation-state,Weak Passwords,Firewall,10
USA,2023,Ransomware,Government,84.13,695841,Nation-state,Zero-day,AI-based Detection,21
USA,2020,SQL Injection,Government,40.95,803757,Hacker Group,Social Engineering,Firewall,33
Japan,2022,DDoS,IT,20.16,174510,Insider,Zero-day,AI-based Detection,60
Germany,2022,SQL Injection,Retail,11.51,857660,Hacker Group,Zero-day,VPN,37
UK,2020,SQL Injection,Banking,47.67,729265,Unknown,Zero-day,Firewall,42
India,2023,Phishing,Retail,38.89,836604,Hacker Group,Unpatched Software,AI-based Detection,44
China,2016,Malware,Government,91.69,885843,Insider,Unpatched Software,AI-based Detection,46
France,2015,Man-in-the-Middle,Education,17.94,808798,Unknown,Social Engineering,Encryption,60
Russia,2018,Man-in-the-Middle,Telecommunications,30.5,401208,Hacker Group,Unpatched Software,VPN,10
Japan,2021,Ransomware,Healthcare,77.33,380970,Nation-state,Weak Passwords,Encryption,44
USA,2021,Phishing,Healthcare,70.03,248437,Hacker Group,Social Engineering,Encryption,70
Australia,2024,SQL Injection,Retail,66.49,709125,Hacker Group,Weak Passwords,AI-based Detection,37
Japan,2018,Malware,Education,5.33,656250,Hacker Group,Social Engineering,Firewall,67
India,2020,Ransomware,Healthcare,10.46,32616,Unknown,Unpatched Software,Firewall,63
Australia,2017,Phishing,Healthcare,39.3,290846,Unknown,Weak Passwords,Firewall,3
India,2023,DDoS,Banking,23.83,557428,Insider,Unpatched Software,VPN,38
Japan,2015,DDoS,Banking,59.13,182440,Insider,Zero-day,Firewall,8
Australia,2021,DDoS,Government,30.24,292383,Insider,Social Engineering,Encryption,71
France,2017,DDoS,Government,86.82,99728,Nation-state,Unpatched Software,VPN,44
USA,2015,DDoS,IT,66.39,365006,Insider,Weak Passwords,VPN,47
Russia,2019,Ransomware,Telecommunications,61.11,605427,Nation-state,Zero-day,Encryption,33
USA,2022,Malware,Retail,7.65,864358,Hacker Group,Unpatched Software,VPN,11
USA,2016,Ransomware,Retail,9.82,610968,Unknown,Unpatched Software,Antivirus,26
China,2016,DDoS,IT,67.28,413150,Hacker Group,Social Engineering,Firewall,27
USA,2017,Malware,Education,13.14,681956,Nation-state,Social Engineering,Antivirus,35
Australia,2016,Man-in-the-Middle,IT,84.46,94162,Unknown,Weak Passwords,Firewall,15
France,2023,Man-in-the-Middle,Retail,9.43,565002,Hacker Group,Unpatched Software,Firewall,72
France,2017,Phishing,Retail,90.69,275185,Nation-state,Zero-day,Encryption,20
Russia,2021,DDoS,Retail,37.47,476758,Hacker Group,Unpatched Software,AI-based Detection,19
USA,2024,SQL Injection,Banking,7.2,312607,Hacker Group,Weak Passwords,Antivirus,24
Russia,2017,Phishing,Banking,94.15,963192,Hacker Group,Weak Passwords,VPN,7
Australia,2015,Malware,Healthcare,42.15,680874,Unknown,Zero-day,Antivirus,8
France,2018,DDoS,Government,15.71,904770,Hacker Group,Social Engineering,Antivirus,4
USA,2022,SQL Injection,Government,98.46,429452,Hacker Group,Weak Passwords,Antivirus,6
USA,2018,Ransomware,Healthcare,51.71,858128,Hacker Group,Social Engineering,Antivirus,35
China,2021,Malware,Education,42.26,615849,Nation-state,Unpatched Software,Encryption,44
UK,2019,Phishing,Education,99.45,467349,Nation-state,Zero-day,Firewall,44
France,2021,SQL Injection,Retail,63.74,235418,Nation-state,Weak Passwords,Encryption,28
Australia,2017,SQL Injection,IT,5.05,823606,Insider,Weak Passwords,Encryption,25
China,2020,SQL Injection,IT,89.38,923489,Nation-state,Unpatched Software,Firewall,66
USA,2024,Phishing,IT,58.57,630793,Hacker Group,Social Engineering,AI-based Detection,64
France,2015,SQL Injection,Education,65.83,691903,Unknown,Zero-day,VPN,54
UK,2019,Phishing,Government,79.79,133632,Hacker Group,Weak Passwords,Firewall,8
Australia,2017,Phishing,Banking,90.5,42278,Insider,Weak Passwords,AI-based Detection,45
Germany,2016,Phishing,IT,2.1,176471,Unknown,Zero-day,VPN,9
India,2015,SQL Injection,Telecommunications,63.72,916516,Hacker Group,Social Engineering,Encryption,68
Japan,2023,SQL Injection,Government,87.8,510002,Hacker Group,Social Engineering,Firewall,62
UK,2015,Malware,IT,82.45,435994,Nation-state,Unpatched Software,Encryption,51
India,2016,Ransomware,IT,66.19,537670,Hacker Group,Unpatched Software,Encryption,55
Russia,2022,Malware,Banking,39.62,850339,Hacker Group,Social Engineering,Firewall,50
Japan,2021,DDoS,Government,35.46,937562,Unknown,Zero-day,Firewall,10
France,2020,Malware,Government,10.62,405267,Nation-state,Unpatched Software,AI-based Detection,5
China,2022,DDoS,Government,80.76,346279,Unknown,Zero-day,Encryption,59
Brazil,2016,DDoS,Telecommunications,10.45,889928,Nation-state,Zero-day,Encryption,63
France,2018,SQL Injection,Healthcare,0.95,376206,Unknown,Unpatched Software,Antivirus,44
India,2018,Ransomware,IT,27.14,227433,Unknown,Unpatched Software,Antivirus,13
Germany,2023,Ransomware,Healthcare,54.79,393779,Nation-state,Weak Passwords,Encryption,39
Russia,2022,Ransomware,IT,41.08,529025,Insider,Unpatched Software,AI-based Detection,42
Brazil,2024,Man-in-the-Middle,Education,8.94,451311,Unknown,Weak Passwords,Encryption,14
India,2017,Ransomware,Education,98.11,677198,Unknown,Social Engineering,VPN,28
Russia,2024,Man-in-the-Middle,Healthcare,9.4,480988,Nation-state,Unpatched Software,Encryption,59
Australia,2015,Ransomware,Telecommunications,46.39,605536,Nation-state,Unpatched Software,VPN,61
Brazil,2018,Ransomware,Banking,30.61,910960,Nation-state,Social Engineering,Antivirus,31
China,2018,Ransomware,Banking,43.98,386308,Nation-state,Weak Passwords,Antivirus,3
Australia,2017,Man-in-the-Middle,Banking,54.38,100855,Unknown,Social Engineering,VPN,2
China,2023,Malware,Education,23.74,317922,Insider,Social Engineering,Antivirus,18
USA,2018,DDoS,IT,82.13,220618,Unknown,Weak Passwords,Firewall,59
India,2015,Ransomware,Telecommunications,24.7,825941,Hacker Group,Unpatched Software,VPN,54
China,2022,Malware,Education,60.9,331234,Unknown,Social Engineering,Antivirus,3
China,2020,Man-in-the-Middle,Telecommunications,14.61,855055,Hacker Group,Unpatched Software,Antivirus,59
Japan,2022,DDoS,Telecommunications,34.31,305329,Unknown,Unpatched Software,Firewall,40
Japan,2020,Phishing,Government,32.39,442923,Nation-state,Social Engineering,Encryption,57
UK,2015,Ransomware,Banking,79.3,893277,Unknown,Social Engineering,Firewall,15
China,2020,Malware,Healthcare,30.86,240532,Insider,Weak Passwords,Encryption,64
USA,2016,DDoS,Healthcare,93.14,947960,Nation-state,Weak Passwords,Firewall,55
Brazil,2018,Malware,Healthcare,52.87,437283,Insider,Zero-day,Antivirus,30
China,2019,Malware,Healthcare,29.61,761390,Insider,Weak Passwords,Antivirus,7
France,2019,Phishing,Retail,25.75,998507,Insider,Weak Passwords,AI-based Detection,15
India,2017,DDoS,Retail,82.17,593329,Hacker Group,Unpatched Software,AI-based Detection,62
UK,2019,Phishing,Banking,60.07,197590,Insider,Zero-day,Encryption,62
Japan,2017,Ransomware,Banking,50.75,53111,Hacker Group,Social Engineering,Antivirus,15
Australia,2017,Phishing,Retail,14.88,69641,Hacker Group,Unpatched Software,Firewall,54
Germany,2022,DDoS,IT,73.98,953770,Insider,Weak Passwords,Firewall,54
Japan,2023,SQL Injection,Retail,42.33,643549,Nation-state,Weak Passwords,VPN,20
Brazil,2022,Man-in-the-Middle,Education,77.98,899279,Insider,Zero-day,Firewall,39
India,2016,Ransomware,Education,8.55,857887,Unknown,Social Engineering,Firewall,44
Russia,2016,Phishing,Government,30.57,503775,Unknown,Zero-day,VPN,71
Japan,2015,SQL Injection,IT,36.98,452892,Unknown,Weak Passwords,VPN,17
Russia,2018,Ransomware,Healthcare,24.06,327566,Unknown,Unpatched Software,AI-based Detection,6
Australia,2018,Ransomware,Education,50.66,851204,Insider,Zero-day,Firewall,3
UK,2017,Man-in-the-Middle,Government,79.27,923309,Hacker Group,Unpatched Software,Firewall,29
Brazil,2023,Phishing,Banking,71.86,151590,Nation-state,Zero-day,Antivirus,30
UK,2022,DDoS,Education,21.01,452432,Nation-state,Unpatched Software,Firewall,8
Japan,2015,Ransomware,Retail,95.38,769596,Nation-state,Weak Passwords,VPN,65
Germany,2022,Phishing,Banking,14.79,407151,Unknown,Weak Passwords,Antivirus,37
Brazil,2023,DDoS,IT,45.97,312555,Nation-state,Social Engineering,AI-based Detection,67
Brazil,2019,Man-in-the-Middle,Government,76.39,311908,Unknown,Weak Passwords,Encryption,68
China,2018,Malware,Banking,68.55,59979,Insider,Zero-day,Firewall,41
Japan,2019,Malware,IT,9.86,233545,Unknown,Zero-day,Antivirus,55
France,2020,Man-in-the-Middle,Retail,89.85,722081,Hacker Group,Zero-day,VPN,33
Russia,2024,SQL Injection,Healthcare,76.99,873037,Nation-state,Unpatched Software,Antivirus,31
India,2022,Malware,IT,12.08,482213,Nation-state,Social Engineering,AI-based Detection,3
India,2020,Phishing,Education,39.72,512850,Hacker Group,Zero-day,Antivirus,15
China,2023,Man-in-the-Middle,Telecommunications,37.73,849834,Hacker Group,Zero-day,AI-based Detection,56
Brazil,2022,Malware,Retail,78.03,660707,Insider,Unpatched Software,Firewall,11
USA,2021,Ransomware,Education,6.77,697935,Unknown,Social Engineering,AI-based Detection,16
Russia,2019,Malware,IT,71.92,500655,Nation-state,Zero-day,AI-based Detection,8
USA,2020,Ransomware,IT,95.79,239343,Nation-state,Zero-day,VPN,63
China,2023,Phishing,Retail,90.04,143728,Unknown,Zero-day,AI-based Detection,57
USA,2020,Phishing,Retail,99.64,464717,Insider,Weak Passwords,VPN,27
Russia,2018,SQL Injection,Education,1.25,351063,Nation-state,Weak Passwords,Firewall,56
Australia,2015,DDoS,Government,13.96,479025,Nation-state,Zero-day,Antivirus,54
Germany,2021,DDoS,Banking,1.62,823004,Nation-state,Zero-day,Encryption,22
Russia,2021,DDoS,Education,18.47,394957,Hacker Group,Weak Passwords,Antivirus,27
France,2019,Phishing,Telecommunications,28.88,96640,Unknown,Social Engineering,Antivirus,60
Russia,2024,DDoS,Education,19.5,325634,Insider,Weak Passwords,Firewall,5
France,2023,SQL Injection,Government,29.63,662667,Hacker Group,Zero-day,VPN,30
USA,2024,Phishing,IT,57.24,107681,Unknown,Zero-day,VPN,18
Russia,2017,Phishing,Banking,3.2,982243,Insider,Zero-day,Encryption,6
Japan,2022,SQL Injection,Government,79.19,950425,Unknown,Social Engineering,Antivirus,54
Brazil,2017,Ransomware,Education,80.5,279808,Insider,Social Engineering,Antivirus,60
India,2024,SQL Injection,Telecommunications,71.2,190099,Unknown,Zero-day,AI-based Detection,15
Brazil,2019,Malware,Government,12.04,713035,Nation-state,Social Engineering,AI-based Detection,59
Australia,2016,Malware,Retail,29.05,817347,Nation-state,Weak Passwords,Antivirus,68
Germany,2023,Ransomware,Healthcare,28.18,707214,Unknown,Weak Passwords,AI-based Detection,11
UK,2016,DDoS,Retail,39.26,668780,Hacker Group,Zero-day,Firewall,33
Russia,2015,DDoS,Telecommunications,57.21,609196,Unknown,Social Engineering,VPN,4
USA,2021,Man-in-the-Middle,Telecommunications,83.88,980367,Nation-state,Unpatched Software,Firewall,3
Russia,2022,Man-in-the-Middle,IT,84.1,919858,Nation-state,Unpatched Software,Encryption,47
France,2017,DDoS,Healthcare,39.49,195459,Hacker Group,Weak Passwords,Encryption,14
Russia,2015,Man-in-the-Middle,Government,46.76,713342,Unknown,Weak Passwords,Encryption,36
UK,2019,DDoS,Banking,80.68,19007,Nation-state,Unpatched Software,VPN,29
China,2022,Ransomware,Government,86.56,963091,Insider,Zero-day,VPN,37
UK,2017,Malware,Government,66.25,726887,Hacker Group,Social Engineering,Firewall,13
Russia,2021,DDoS,IT,78.76,130413,Unknown,Social Engineering,Encryption,66
Germany,2017,Malware,Banking,97.68,906914,Hacker Group,Zero-day,AI-based Detection,15
China,2020,Ransomware,IT,14.94,557218,Nation-state,Zero-day,Firewall,70
Russia,2018,SQL Injection,Banking,59.29,380543,Unknown,Weak Passwords,VPN,26
UK,2022,Malware,Retail,39.55,337363,Insider,Social Engineering,VPN,2
China,2018,DDoS,IT,14.04,803086,Nation-state,Social Engineering,VPN,23
China,2024,Man-in-the-Middle,IT,63.79,195858,Hacker Group,Zero-day,Encryption,1
India,2019,Malware,Banking,37.03,358371,Insider,Weak Passwords,AI-based Detection,30
Australia,2019,Phishing,Retail,9.12,212267,Insider,Zero-day,Antivirus,14
France,2021,Man-in-the-Middle,Healthcare,52.04,757744,Nation-state,Zero-day,Antivirus,43
Japan,2017,Ransomware,Retail,59.13,747705,Insider,Unpatched Software,VPN,47
USA,2024,Phishing,Telecommunications,64.67,996651,Hacker Group,Weak Passwords,Encryption,69
UK,2015,Ransomware,Government,52.78,281905,Insider,Social Engineering,VPN,32
Brazil,2019,Man-in-the-Middle,Healthcare,7.44,739981,Unknown,Social Engineering,Antivirus,54
France,2016,SQL Injection,Telecommunications,47.19,554448,Hacker Group,Social Engineering,Antivirus,31
